secCode,secName,year,roa,roe,lev,revGrowth,profitGrowth,revenue,assetTurnoverDays
000333,美的集团,2025,7.3396414576,19.7,61.1650097449,12.080186188339,14.033631938896,458502407000.0,476.258898723966
000333,美的集团,2024,7.1088716303,21.29,62.3286683296,9.465757018245,14.286213778289,409084266000.0,479.779407257624
000333,美的集团,2023,7.4280420936,22.23,64.138692239,8.099621882244,14.097913997144,373709804000.0,437.630534252847
000333,美的集团,2022,7.3559976742,22.21,64.046406739,0.683794081634,3.429232877144,345708706000.0,422.003392590486
000333,美的集团,2021,7.7547141326,24.09,65.2464415521,20.178205412109,4.961549197665,343360825000.0,392.296259365051
000333,美的集团,2020,8.3058924858,24.95,65.5263325794,2.265449043177,12.439467119834,285709729000.0,417.279608843958
000333,美的集团,2019,8.9372758931,26.43,64.4000106519,6.707239890545,19.675184035177,279380506000.0,364.442686133672
000333,美的集团,2018,8.4603674605,25.66,64.939660786,8.226202801455,17.05127880975,261819635000.0,351.866051146356
000333,美的集团,2017,8.8898273535,25.88,66.5768323905,51.349050020432,17.701367516467,241918896000.0,311.539791500993
000333,美的集团,2016,10.5942905674,26.88,59.56834201,14.707570857365,15.563664122738,159841701000.0,337.206598420748
000333,美的集团,2015,10.9376109656,29.06,56.5113470238,-2.082652561837,20.990847649354,139347124000.0,321.81592624772
000333,美的集团,2014,10.7221775762,29.49,61.9829903025,17.355177287107,97.504519668934,142310967000.0,274.770530781433
000651,格力电器,2025,7.6014235514,20.3,61.7266230738,-9.955852619215,-9.885068912898,171118161275.41,798.82033422347
000651,格力电器,2024,8.7954631839,25.42,61.5485043248,-7.306696573589,10.91477569002,190038071604.78,697.204555691935
000651,格力电器,2023,7.6664575227,26.53,67.2205205347,7.818773971881,18.40630460467,205018123834.21,634.882607223863
000651,格力电器,2022,6.8215216481,24.19,71.3082414149,0.261865782342,6.256105414893,190150672542.13,638.653600228407
000651,格力电器,2021,7.6256778501,21.34,66.2308934644,11.235723276021,4.007305081884,189654033523.5,568.334336639145
000651,格力电器,2020,7.9258752321,18.88,58.1400486153,-14.967416749422,-10.210024893107,170497415702.41,593.523451196646
000651,格力电器,2019,9.2950019201,25.72,60.4032928375,0.242138879801,-5.748038456412,200508333611.34,479.566783647799
000651,格力电器,2018,11.3160795386,33.36,63.0962952122,33.331952798747,16.974203235725,200023997743.87,419.549516752228
000651,格力电器,2017,11.3284675663,37.44,68.9030390343,36.241327408793,44.859196266522,150019551611.75,476.772132592689
000651,格力电器,2016,9.0483697449,30.44,69.868425241,9.495053030596,23.388759821505,110113101850.23,562.448611165519
000651,格力电器,2015,7.9412283988,27.24,69.9646231384,-28.17101485097,-11.463830736907,100564453646.56,569.060056391423
000651,格力电器,2014,9.8313113505,35.23,71.11234909,16.629301440862,30.221511252359,140005393975.58,372.778787031524
600690,海尔智家,2025,6.8753668203,16.98,57.4107161708,5.710005468555,4.387111844665,302346783918.3,349.187298817887
600690,海尔智家,2024,7.0914807184,17.61,59.1376455248,4.30728641965,12.860641892343,286015294936.52,347.27068613515
600690,海尔智家,2023,6.8754692563,17.24,58.8113174499,12.573171465767,12.809633412586,274204520847.97,326.308956602288
600690,海尔智家,2022,6.4938940534,16.8,59.8545854825,7.253494202764,12.487454403964,243578924958.47,335.318878140873
600690,海尔智家,2021,6.282537874,17.26,62.6737530013,8.288243022701,47.232359632362,227105817641.69,333.86672037343
600690,海尔智家,2020,5.7956682006,17.68,66.5195463423,4.463717024058,8.248373957791,209723430081.03,335.543973191609
600690,海尔智家,2019,6.9382860052,19.12,65.3302792423,9.045482924021,9.655545347152,200761983256.57,318.776714546553
600690,海尔智家,2018,6.0873001526,20.88,66.799139915,12.653616281516,8.33903806849,184108481959.27,317.997652908529
600690,海尔智家,2017,6.2559669734,22.89,69.5546697554,37.182676806233,37.007685054606,163428825488.56,317.900042502806
600690,海尔智家,2016,6.456138648,20.38,71.3388743432,32.668175373574,17.148543708208,119132261662.6,313.411137341436
600690,海尔智家,2015,7.4854419103,16.22,57.2915827146,-7.358521895549,-19.368272183472,89797165994.89,317.334055248239
600690,海尔智家,2014,9.8282587965,29.34,61.2343746229,11.920836549697,27.875389740347,96929763894.36,266.372995344509
000921,海信家电,2025,6.7777830744,19.36,69.249506257,-5.193911768085,-4.818206463204,87928485899.72,285.954119774916
000921,海信家电,2024,7.557997938,23.27,72.203751055,8.347437021146,17.994393429012,92745611109.52,263.26548582772
000921,海信家电,2023,7.8987744155,22.64,70.5881882529,15.496208297115,97.727219548141,85600189224.06,255.116556607808
000921,海信家电,2022,5.514350073,13.13,70.6025691993,9.698482617388,47.542208909319,74115151039.29,270.368405737048
000921,海信家电,2021,4.7929552714,9.64,72.1328767596,39.612721223558,-38.40065056182,67562603666.81,260.452267956884
000921,海信家电,2020,7.5090984505,16.99,65.5442348566,29.209446216176,-11.974688722977,48392870703.11,281.950909009744
000921,海信家电,2019,6.9885316018,22.21,63.2814963889,3.979627012552,30.215954603029,37453043968.74,268.265040171084
000921,海信家电,2018,6.5526081058,19.79,63.8563253649,7.561033469547,-31.0419804965,36019598304.79,217.058620984467
000921,海信家电,2017,10.0890191136,34.71,67.2004109563,25.279893010683,83.641727383943,33487590387.45,218.566098496583
000921,海信家电,2016,6.8465756905,24.33,72.0627463611,13.883230126238,87.431740519379,26730219497.07,224.562975147729
000921,海信家电,2015,3.9498118946,15.49,68.6988971806,-11.542811071737,-13.70207969999,23471602857.98,211.350286156602
000921,海信家电,2014,5.5859893321,21.65,70.297415951,8.92609903557,-44.682450625982,26534420935.55,172.812079792932
600519,贵州茅台,2025,28.3056525971,32.53,16.4153621922,-1.200097176919,-4.532254817158,172054171890.91,630.617061572933
600519,贵州茅台,2024,31.2553584111,36.02,19.0447556579,15.663979743025,15.379966101626,174144069958.25,590.866879512984
600519,贵州茅台,2023,29.4087271574,34.19,17.9843241392,18.036579245867,19.159899289166,150560330316.45,630.286127258431
600519,贵州茅台,2022,25.6543118107,30.26,19.4744927128,16.525647480079,19.55260248241,127553959355.97,719.228350803048
600519,贵州茅台,2021,23.7835297975,29.89,22.8126739769,11.705948291952,12.340886403369,109464278563.89,770.493553972704
600519,贵州茅台,2020,24.9841372803,31.41,21.4039475814,10.285263804489,13.325126564362,97993240501.21,728.2019912563
600519,贵州茅台,2019,25.6467806164,33.09,22.489870162,15.097210311808,17.051782895444,88854337488.76,694.62032090411
600519,贵州茅台,2018,25.6945119519,34.46,26.5493085068,26.426299879367,30.001687376488,77199384110.22,686.562763432936
600519,贵州茅台,2017,23.4353056161,32.95,28.6683425406,52.067310426317,61.97375715751,61062756866.16,729.708912843346
600519,贵州茅台,2016,17.9994006671,24.44,32.7942151176,20.056368695812,7.83890460621,40155084412.93,893.099362904789
600519,贵州茅台,2015,21.6264652938,26.23,23.2525523967,3.816733856572,0.998618294356,33446859045.58,818.953825207252
600519,贵州茅台,2014,26.818975412,31.96,16.0332577727,3.690362137401,1.408268552049,32217213741.08,677.864853174517
000858,五粮液,2025,4.9266072644,6.89,35.6890530354,-54.551804064166,-71.888962730611,40528509770.23,1679.86852957478
000858,五粮液,2024,18.7700590513,23.35,27.5467802337,7.088944943596,5.437124934978,89175178322.7,713.913190503132
000858,五粮液,2023,19.8091323362,25.06,19.9981939276,12.577528157928,13.190722289818,83272067317.19,687.91475285834
000858,五粮液,2022,19.3943209266,25.28,23.6401044479,11.71982783184,14.171616361045,73968640704.54,701.890593236214
000858,五粮液,2021,19.6441523281,25.31,25.2386989988,15.505634829071,17.150074735967,66209053612.11,678.343954066762
000858,五粮液,2020,18.9870895989,24.94,22.9468540382,14.371958895788,14.668551431111,57321059453.15,691.756579881614
000858,五粮液,2019,18.9393090945,25.26,28.4791230539,25.200770663606,30.019750842483,50118105877.14,691.335441465617
000858,五粮液,2018,17.8817067524,22.8,24.3626288155,32.6083439748,38.356750152044,40030189599.87,706.043136860941
000858,五粮液,2017,15.155813744,19.38,22.9098974347,22.991506759308,42.584922601392,30186780409.14,793.64098001063
000858,五粮液,2016,12.3024782117,15.01,22.466716035,13.317637155054,9.85107280063,24543792660.59,841.344602270978
000858,五粮液,2015,12.9562964644,14.93,15.6079908585,3.08305491976,5.847625216968,21659287359.66,822.371978867208
000858,五粮液,2014,13.3826460015,15.42,13.0918725694,-14.997203679955,-26.814866628589,21011491536.14,775.618764349739
000568,泸州老窖,2025,16.3147962016,22.66,22.9970115825,-17.518893696809,-19.611632094895,25731010647.32,931.301401382548
000568,泸州老窖,2024,20.5088139622,30.44,30.4773720497,3.185053486894,1.710592055738,31196248208.33,759.489698239014
000568,泸州老窖,2023,23.1752134197,35.07,34.3833395871,20.338429152731,27.794547875992,30233301388.26,682.769913712857
000568,泸州老窖,2022,22.0103388505,33.32,33.1935908126,21.709353398806,30.291150352659,25123563271.62,677.750493460255
000568,泸州老窖,2021,20.2944575622,31.15,34.8852099663,23.956296277252,32.46622030106,20642261724.37,682.085017486856
000568,泸州老窖,2020,18.6409877432,28.27,33.783498789,5.284970288928,29.37823106285,16652854549.8,691.007724105443
000568,泸州老窖,2019,18.0193872159,25.5,32.3832920597,21.151819182452,33.174534657477,15816934272.86,586.364057753611
000568,泸州老窖,2018,16.5741673842,21.81,24.2456715207,25.59530720102,36.26733786117,13055465761.55,584.040773418163
000568,泸州老窖,2017,15.4325211616,20.3,22.4904869289,20.496502202809,30.694533103427,10394867493.46,583.926261391021
000568,泸州老窖,2016,14.5686439632,18.12,20.4904699537,25.021000395428,32.893226799577,8626696462.91,566.913496180669
000568,泸州老窖,2015,11.756140354,14.67,21.5271958535,28.89273307331,67.397739451372,6900197915.25,688.029387755725
000568,泸州老窖,2014,7.2094239917,8.65,25.6437129441,-48.67818864834,-74.408380091759,5353442161.34,910.433019224594
600887,伊利股份,2025,7.5299468668,20.87,61.5089759096,0.130896276246,36.819567662792,115931105774.99,474.824882699393
600887,伊利股份,2024,5.5438256904,15.81,62.9141354817,-8.242152928254,-18.944937431352,115779554649.3,474.702864006821
600887,伊利股份,2023,7.278720386,20.2,62.1947883363,2.442468972428,10.57649175388,126179458590.36,403.119497108022
600887,伊利股份,2022,8.0009446548,19.23,58.6584368156,11.371054560971,8.341834092104,123171044056.27,340.396364314168
600887,伊利股份,2021,10.0880278506,25.59,52.1480005438,14.150250681799,22.982448233584,110595203162.81,281.75714560755
600887,伊利股份,2020,10.7873875063,25.18,57.0895094099,7.384548183343,2.082755761545,96885641951.94,244.523287197332
600887,伊利股份,2019,12.8636787002,26.38,56.5438501572,13.412141245212,7.671320307547,90223075471.27,215.600551901181
600887,伊利股份,2018,13.315911994,24.33,41.1059498689,16.890113977175,7.313332771541,79553277524.49,219.264137228917
600887,伊利股份,2017,13.5560904116,25.22,48.8039845913,12.290131104861,5.98885011437,68058174312.35,234.230101494302
600887,伊利股份,2016,14.3714091483,26.58,40.8187907406,0.413101722634,22.237958082748,60609221525.26,234.300706176356
600887,伊利股份,2015,11.7646998327,23.87,49.1662273283,10.88140314052,11.763472156197,60359873846.62,235.960534112165
600887,伊利股份,2014,11.5142767598,23.66,52.3436165314,13.93411260546,30.027268264025,54436426792.08,239.304897757798
603288,海天味业,2025,15.141903111,19.59,19.8227018196,7.31799855744,10.95333560451,28873380466.76,580.140635273133
603288,海天味业,2024,16.0289413175,21.77,23.190310631,9.549113197344,12.742990044127,26904508894.01,530.533546217286
603288,海天味业,2023,15.5683693035,20.72,24.4395703547,-4.101341187421,-9.214535884591,24559312356.59,531.239831825212
603288,海天味业,2022,18.4078690363,25.52,21.0653847604,2.42209145696,-7.091261312304,25609651543.29,473.705862474423
603288,海天味业,2021,21.2226112527,31.63,29.5097404401,9.705902696567,4.184033699761,25004031043.49,452.60070291038
603288,海天味业,2020,23.6114356087,36.13,31.7183788558,15.128558913378,19.60841922715,22791873936.49,428.738395620773
603288,海天味业,2019,23.8597760871,33.69,32.9490918127,16.216611619716,22.644085672326,19796889800.07,408.224823847527
603288,海天味业,2018,23.9402274387,32.66,31.0565343907,16.800000000008,23.59878193136,17034475127.23,385.474994127805
603288,海天味业,2017,23.7015138236,31.12,27.9862592938,17.062582967174,24.209304510298,14584310896.6,367.78761668988
603288,海天味业,2016,22.7800662635,31.65,25.6233500648,10.307594641038,13.288862750635,12458558940.81,360.642604393142
603288,海天味业,2015,22.3092345592,32.11,23.890033965,15.046977986934,20.06226637893,11294380030.09,358.563056567236
603288,海天味业,2014,23.5844870519,33.0,31.9317505036,16.849197070907,30.120221521873,9817189662.62,324.949331175854
002714,牧原股份,2025,8.7992575638,20.57,54.1507623811,4.493086579548,-13.390382815587,144144965371.68,448.785469052829
002714,牧原股份,2024,9.8811554446,25.1,58.6801191432,24.432605595238,519.424880483707,137946892076.87,499.827063545147
002714,牧原股份,2023,-2.1464378731,-6.38,62.1110899927,-11.18794219555,-132.136518337683,110860727714.4,630.551424904348
002714,牧原股份,2022,8.0674561007,21.01,54.3552905128,58.228440839786,92.15793300987,124826212177.74,533.849466510202
002714,牧原股份,2021,5.0942053671,12.91,61.2987204377,40.181208302723,-74.850928644695,78889870566.4,684.254423547519
002714,牧原股份,2020,34.6123922097,74.43,46.0925394585,178.305425898578,348.96613048257,56277065607.85,561.374183512547
002714,牧原股份,2019,15.318691847,35.28,40.0385387996,51.038948001607,1075.3671426472,20221332525.64,736.406505583334
002714,牧原股份,2018,1.9599677878,2.84,54.0657524111,33.31610418829,-78.00877731306,13388157685.94,724.488748392407
002714,牧原股份,2017,12.7949591521,28.12,47.0293079802,79.139895216324,1.879093671932,10042415931.26,662.756103082093
002714,牧原股份,2016,23.2203149081,50.74,56.2191107626,86.64738412989,289.677843894795,5605907003.09,642.143036358589
002714,牧原股份,2015,10.652715825,26.53,50.1664067921,15.307007689399,642.974181727167,3003474722.79,670.433543060723
002714,牧原股份,2014,2.1811192017,4.27,52.7050248672,27.409502040111,-73.604254690883,2604763390.34,508.181270977365
600276,恒瑞医药,2025,12.8613530474,14.26,11.5511699142,13.024342516962,21.692131889131,31629416193.83,682.925440724484
600276,恒瑞医药,2024,13.4944301444,14.73,8.0688989765,22.63308203517,47.277661254478,27984605342.06,604.104547573445
600276,恒瑞医药,2023,9.9304781122,10.99,6.2840041052,7.259668198401,10.138833467357,22819784741.31,679.584362073567
600276,恒瑞医药,2022,9.3465879897,10.89,9.3412449447,-17.87362135442,-13.770695913826,21275270681.52,690.692860628087
600276,恒瑞医药,2021,12.1196775494,13.96,9.4086306572,-6.594911967723,-28.41429804101,25905526375.8,514.146900455955
600276,恒瑞医药,2020,20.2577995161,22.51,11.3522445456,19.090999917204,18.775347846038,27734598747.82,404.242075968164
600276,恒瑞医药,2019,21.3409320841,24.02,9.5039290069,33.704839292466,31.051131114219,23288576607.05,385.819497271376
600276,恒瑞医药,2018,20.1045669824,23.6,11.4639989823,25.891642398377,26.39274544077,17417901050.02,417.507859781785
600276,恒瑞医药,2017,20.3460606847,23.28,11.6199636364,24.715823278544,24.245172526711,13835629369.98,421.122860798744
600276,恒瑞医药,2016,20.3989574438,23.24,10.1581358795,19.08299220525,19.220207217825,11093724121.18,419.04923747617
600276,恒瑞医药,2015,21.6091837655,24.37,9.906625267,25.008639113466,43.284254339569,9315960168.4,397.708981626712
600276,恒瑞医药,2014,19.2913086601,21.46,10.2680615376,20.13805833742,22.409808926215,7452253087.84,393.878584943463
000538,云南白药,2025,9.6842826918,13.02,26.0207287697,2.881846493072,8.507811948613,41186999090.31,468.422018350539
000538,云南白药,2024,8.9355960933,11.99,26.5488313659,2.357397590042,16.015347511798,40033300814.72,479.74373889211
000538,云南白药,2023,7.6981503611,10.51,25.8048065338,7.18837074881,36.408209037123,39111292156.0,492.925229689985
000538,云南白药,2022,5.3766935429,7.87,27.7450951419,0.314658515761,6.995187076392,36488372649.73,521.211163204067
000538,云南白药,2021,5.2022941745,7.58,26.5599939596,11.08993714073,-49.150108538915,36373919016.03,532.246138531701
000538,云南白药,2020,10.5094731656,14.46,30.5606600002,10.376291034704,31.845874486562,32742766763.79,576.553278508985
000538,云南白药,2019,8.0555776773,10.31,23.2754638714,9.800376585342,19.748173255896,29664673868.68,628.666077139909
000538,云南白药,2018,8.5250937076,9.06,25.8445647656,11.113894122632,11.090369906075,27016914505.41,543.999234389452
000538,云南白药,2017,11.9815777401,7.92,34.5080859792,8.495778862815,7.709387455218,24314614044.21,387.094434905292
000538,云南白药,2016,13.3593930001,20.03,35.5604395849,8.06499190279,5.378705968247,22410654404.31,352.420121676753
000538,云南白药,2015,15.4667681486,22.43,29.8748269104,10.224951477119,10.564916873587,20738126205.08,309.276278739035
000538,云南白药,2014,17.0919499813,24.86,30.8800805027,18.966899496406,7.952892093323,18814366372.74,279.573914543249
600085,同仁堂,2025,5.2837786527,8.86,30.1839641848,-7.211250061162,-22.073386869255,17256185123.82,644.832896275806
600085,同仁堂,2024,7.441507899,11.49,33.0042957301,4.122919343689,-8.542463786994,18597281604.93,593.186444522979
600085,同仁堂,2023,9.0411749765,13.42,32.6770477268,16.187871190967,16.919618350422,17860891456.13,575.886329005895
600085,同仁堂,2022,8.4565717479,12.72,31.7527332114,5.268214176557,16.291877220661,15372423363.17,610.369121871233
600085,同仁堂,2021,8.0611658228,12.01,33.5037260153,13.856529301101,18.99594076889,14603100739.78,578.223949891721
600085,同仁堂,2020,7.5602828072,10.82,28.808724952,-3.398659044742,4.668493373911,12825879050.96,600.089878380522
600085,同仁堂,2019,7.5440762689,10.34,29.9285653923,-6.555965105466,-13.122636143435,13277123199.46,561.258091335168
600085,同仁堂,2018,9.3020326302,12.83,29.0478371914,6.225121097459,11.490506910675,14208636446.88,496.418414446291
600085,同仁堂,2017,9.7389305006,12.55,29.612933049,10.62983910679,9.024783774712,13375966344.01,481.33089558881
600085,同仁堂,2016,9.9435902938,12.51,29.2009437227,10.959624615125,6.594130464705,12090740122.2,467.776440377264
600085,同仁堂,2015,10.7343806586,13.32,24.2290604467,12.499186761552,14.635749126585,10896522193.67,451.094672030988
600085,同仁堂,2014,10.0887945868,14.5,33.2148486386,11.144686366574,16.410547233704,9685867522.55,461.966226038098
300760,迈瑞医疗,2025,14.5827773167,21.58,27.4275927015,-9.376500647044,-30.275662177521,33282159404.0,626.878083832841
300760,迈瑞医疗,2024,22.4508860975,32.58,28.0444444974,5.135273542533,0.744771155104,36725749548.0,512.584192518781
300760,迈瑞医疗,2023,24.456638479,33.64,30.4421409369,15.037577011115,20.558095145101,34931900884.0,487.901967694257
300760,迈瑞医疗,2022,22.653892579,33.38,31.5457266935,20.166788795206,20.066359197994,30365643811.0,502.959425424529
300760,迈瑞医疗,2021,22.4173414991,31.92,29.2233427304,20.183417830067,20.185384982463,25269580818.0,508.662737388421
300760,迈瑞医疗,2020,22.5977010385,32.29,30.0723307655,26.998413989383,42.238378959062,21025846389.0,504.583580450426
300760,迈瑞医疗,2019,19.825072615,27.91,27.3740266906,20.377815753841,25.849678195039,16555991314.0,513.836719719798
300760,迈瑞医疗,2018,20.6607886361,42.16,29.8189967002,23.085818389971,43.646731334368,13753357469.0,472.0191755632
300760,迈瑞医疗,2017,18.9781547134,46.72,53.9138084349,23.717203505783,61.775963060291,11173795364.0,441.59084094555
300760,迈瑞医疗,2016,12.7258901601,27.63,64.5388277817,12.711837262067,75.897663791204,9031723194.0,504.961739397612
300760,迈瑞医疗,2015,6.9810737396,10.0,47.1165008374,2.263891261216,-33.080902285854,8013109726.0,605.257377367828
300760,迈瑞医疗,2014,19.131142416,15.0,33.7386049338,,,7835717600.0,
002415,海康威视,2025,11.4295494421,17.3,33.9245989905,0.013266535461,18.5186967553,92507796069.94,525.489267429619
002415,海康威视,2024,9.7026709016,15.34,33.7200323561,3.530675990925,-15.100939804205,92495525118.3,527.132291903451
002415,海康威视,2023,11.7445295332,19.64,40.8290921884,7.424707266644,9.892904276468,89341177610.4,519.992387094616
002415,海康威视,2022,12.1543415093,19.62,38.7999915838,2.144764177817,-23.586962021348,83166321681.14,482.862378141652
002415,海康威视,2021,18.1867003497,28.99,37.038530894,28.213589019001,25.511766483497,81420053539.27,425.717241607473
002415,海康威视,2020,16.6748091345,27.72,38.5809356303,10.137933449341,7.820952639828,63503450891.78,465.02579714512
002415,海康威视,2019,17.9549562595,30.53,39.6575562778,15.693073004343,9.359082605406,57658110065.22,433.467409694792
002415,海康威视,2018,19.7813663056,33.99,40.2078973788,18.927492438605,20.628063580762,49837132481.61,415.578585028621
002415,海康威视,2017,20.1841648252,34.96,40.6562930361,31.223030632652,26.767991934646,41905476572.07,399.124218771129
002415,海康威视,2016,20.7192811644,34.58,40.7993429852,26.366391968582,26.488689113043,31934544088.82,403.941160947941
002415,海康威视,2015,22.7969154995,35.28,36.3465851235,46.644362949135,25.800339400518,25271390273.42,367.579828178651
002415,海康威视,2014,26.4730209683,36.27,30.1137016395,60.369096432834,52.132487302944,17233114021.7,369.356849503122
002241,歌尔股份,2025,4.424928506,11.29,58.8548209683,-4.362071006953,47.851676752671,96550169615.26,322.968588624402
002241,歌尔股份,2024,3.3061931314,8.46,58.8327830499,2.414377262194,144.931699247405,100953848156.08,278.951356183146
002241,歌尔股份,2023,1.3500976295,3.59,57.2475194329,-6.025513715445,-37.795079590091,98573902273.14,275.755878175173
002241,歌尔股份,2022,2.5891570934,6.17,60.838398987,34.099235242066,-59.080639471708,104894324162.26,237.406253293036
002241,歌尔股份,2021,7.8170390743,17.61,54.2701004845,35.465367070746,50.094525565076,78221418618.02,253.580646974298
002241,歌尔股份,2020,6.8081898752,16.4,59.8238108866,64.285481122905,122.406355804952,57742742893.96,261.15946028075
002241,歌尔股份,2019,3.9723192669,8.19,53.4649069812,47.987101395123,47.575057039613,35147806427.74,329.821345047814
002241,歌尔股份,2018,2.9992076971,5.73,48.9290773937,-6.992242171527,-59.437544481604,23750587785.28,426.783061074596
002241,歌尔股份,2017,8.5151183957,16.58,43.8572073425,32.395224685004,29.532579057772,25536136274.87,348.795258655589
002241,歌尔股份,2016,7.6325801438,16.3,52.6519363864,41.240269905281,31.999126850692,19287807649.88,393.450986243884
002241,歌尔股份,2015,6.7038644968,14.08,50.659814224,7.53634779505,-24.511225900116,13656025765.75,487.771699756296
002241,歌尔股份,2014,11.0977401682,23.29,52.0096406411,26.372926697519,26.844839276779,12698986013.34,430.250452920328
000725,京东方A,2025,1.1605784251,4.39,52.4550726076,3.130153376793,10.026166023923,204590222888.0,762.226932355808
000725,京东方A,2024,0.9763172795,4.05,52.4287134797,13.656863277662,108.96502645704,198380605661.0,770.487403903747
000725,京东方A,2023,0.0880902987,1.89,52.8137467933,-2.169275457906,-66.220761080275,174543445895.0,866.007274329659
000725,京东方A,2022,-0.399747539,5.45,51.9600560601,-19.282850399177,-70.950674692187,178413731179.0,878.54271891081
000725,京东方A,2021,7.0661587233,23.93,51.7185639439,63.062727954107,415.54149538965,221035718012.0,712.138722049908
000725,京东方A,2020,1.1843739864,5.15,59.1290623682,16.795664655937,162.457667528233,135552569729.0,1015.40252619345
000725,京东方A,2019,-0.1477999161,2.16,58.5626791275,19.514928159942,-44.146364124906,116059590164.0,999.480739857288
000725,京东方A,2018,1.0282744664,4.0,60.4124939039,3.527045648047,-54.607926823338,97108864935.0,1038.26465328076
000725,京东方A,2017,3.4083546974,9.25,59.2812560477,36.148605916339,301.986420889917,93800479215.0,885.111421766804
000725,京东方A,2016,1.1434225441,2.4,55.1436613903,41.691424510407,15.052595998419,68895658963.0,934.616548508111
000725,京东方A,2015,1.1342948506,2.13,48.6536839703,32.071148615736,-36.136291451096,48623732312.0,1069.23038511016
000725,京东方A,2014,2.3742713416,4.29,43.5120037518,9.00694418892,8.870832762297,36816316676.0,1118.53047812628
002475,立讯精密,2025,6.8519709685,21.1,66.0660855104,23.642466402153,24.197240771512,332344443143.39,287.249414904107
002475,立讯精密,2024,7.5574390947,21.34,62.1641243954,15.907032896,22.031132624874,268794737612.58,258.366453681486
002475,立讯精密,2023,7.8892676161,21.61,56.6121650367,8.352660682043,19.529972449348,231905459829.83,240.907460314411
002475,立讯精密,2022,7.8010235907,23.0,60.3840418828,39.028138655936,29.595904524153,214028394291.44,226.195011479408
002475,立讯精密,2021,8.2069589851,22.35,62.0288240437,66.425948254761,-2.144393671598,153946097790.4,222.839512023447
002475,立讯精密,2020,12.5487445508,30.29,55.8557572811,47.963391349167,53.282513207146,92501259211.54,232.324616370825
002475,立讯精密,2019,11.4832489821,26.55,55.9525646204,74.383199685166,73.134751939699,62516314588.42,247.095233381531
002475,立讯精密,2018,8.8850755632,17.95,54.2421035015,57.056897539958,61.048296035477,35849964160.13,317.961784961473
002475,立讯精密,2017,7.3066399209,14.09,48.2074027868,65.856063532858,46.175456794829,22826099790.37,377.257805863828
002475,立讯精密,2016,7.2648957909,16.09,42.1139811491,35.732591808625,7.234523446887,13762595894.39,425.612614206677
002475,立讯精密,2015,10.6361116332,21.02,49.2625617131,38.97428618793,71.17930515784,10139492446.88,377.74696127136
002475,立讯精密,2014,9.2875684042,20.3,48.7778903044,58.895776645046,85.429951105427,7295948570.78,392.430843398552
600584,长电科技,2025,2.8658340969,5.56,43.6424558684,8.091024812117,-2.754600633757,38871348331.23,507.41074322638
600584,长电科技,2024,3.3361790818,6.0,45.3519445566,21.242464235883,9.442395651352,35961679888.59,483.711386203191
600584,长电科技,2023,3.586522434,5.81,38.5826710806,-12.146982145474,-54.481246033866,29660960881.35,497.546141625772
600584,长电科技,2022,8.446326819,14.19,37.4672631036,10.68640070878,9.202505132482,33762028449.0,407.888499152608
600584,长电科技,2021,8.5277119931,16.42,43.3948862414,15.260067171589,126.827257066788,30502417851.52,409.699545174631
600584,长电科技,2020,3.9629255221,10.02,58.5201036553,12.48694971725,1371.17035453983,26463994512.61,448.300280507358
600584,长电科技,2019,0.2842191826,0.71,62.3655665195,-1.384141663798,109.439156088126,23526279785.46,520.340365724738
600584,长电科技,2018,-2.8456806602,-9.15,64.2866910803,0.004087049796,-373.576263572238,23856487366.62,491.384118904886
600584,长电科技,2017,0.2434369067,4.89,68.8008680732,24.542419943209,222.893347866632,23855512379.95,455.879204399291
600584,长电科技,2016,-1.1437991727,2.45,77.5489376055,77.24146906738,104.499302606584,19154527743.1,519.459645293756
600584,长电科技,2015,-0.8687787595,1.41,73.8281550209,68.117056146533,-66.810095595145,10807023798.6,607.28596441462
600584,长电科技,2014,2.2586994212,5.59,63.1162975042,25.993679706359,1308.58919792869,6428273279.53,517.59928316759
600104,上汽集团,2025,1.8195859748,3.43,62.3721356414,4.565698617417,506.453504779492,656243812081.18,525.906914319597
600104,上汽集团,2024,0.5940869798,0.58,63.7739783916,-15.726383662075,-88.186890312288,627589946567.69,563.238572071214
600104,上汽集团,2023,2.0093013235,4.98,65.9358130892,0.086316580572,-12.479468349963,744705132922.2,482.629114370747
600104,上汽集团,2022,2.3956258584,5.84,66.0339632508,-4.588458863771,-34.302835755631,744062883284.04,461.339251746336
600104,上汽集团,2021,3.6966799137,9.19,64.144116825,5.081752725405,20.077592575187,779845786393.56,423.853981167088
600104,上汽集团,2020,3.3004193119,8.02,66.2784059176,-11.999169654884,-20.201808798243,742132450370.73,428.999764411719
600104,上汽集团,2019,4.3243476801,10.53,64.5793198538,-6.525169523527,-28.897679824014,843324372577.26,348.357729068502
600104,上汽集团,2018,6.4269491608,15.67,63.6265722887,3.624306085115,4.646484500563,902194064732.24,300.527954236685
600104,上汽集团,2017,7.1700716073,16.87,62.3920723127,15.100904766066,7.513158399393,870639427000.07,271.712732114151
600104,上汽集团,2016,7.9660044427,17.51,60.1710952746,12.822144057474,7.424062996771,756414060141.04,262.633836014628
600104,上汽集团,2015,8.6382450899,17.91,58.8819893047,6.420156181416,6.507420489968,670448223139.34,249.100210759784
600104,上汽集团,2014,9.7020213859,18.97,55.4080129448,11.345591614116,12.779643457735,630001164437.7,225.288559105648
000625,长安汽车,2025,1.5408740475,5.3,59.6056890487,2.671188012946,-44.337923387796,163999803875.87,451.239942948721
000625,长安汽车,2024,3.064811687,9.69,62.0111937978,5.575317533373,-35.366252013,159733034213.25,448.880672748522
000625,长安汽车,2023,5.6521881649,16.55,60.7283934408,24.778666292294,45.246502878889,151297706646.97,400.003651606224
000625,长安汽车,2022,5.5035882172,13.07,56.8985153316,15.323092255645,119.531763309357,121252864085.4,417.818291237834
000625,长安汽车,2021,2.8416611277,6.53,58.7412611855,24.331816578635,6.865069593129,105141877237.05,434.275732726918
000625,长安汽车,2020,3.0465485655,7.13,54.7793318592,19.789291739018,225.598928951738,84565544146.58,459.511064340559
000625,长安汽车,2019,-2.772422813,-5.86,54.9934469823,6.481277291622,-488.80695847535,70595245133.28,487.271675579878
000625,长安汽车,2018,0.7247582787,1.45,50.632701194,-17.139803560397,-90.462295014742,66298270389.77,541.952514879795
000625,长安汽车,2017,6.7800854276,15.65,55.2762044807,1.871298360858,-30.607315852404,80012205182.37,478.357093357788
000625,长安汽车,2016,10.4903640237,26.81,59.2968108861,17.628549656173,3.341500085939,78542441757.19,449.010782497401
000625,长安汽车,2015,12.4732493626,33.14,61.7804515469,26.190466327885,31.630826293006,66771580527.66,428.898660995788
000625,长安汽车,2014,12.0965592241,34.2,63.4719778536,35.184031295167,124.458277901091,52913332100.83,422.840558825112
002594,比亚迪,2025,4.0502725481,15.31,70.7445464985,3.456751786996,-18.967701027859,803964958000.0,373.24441799857
002594,比亚迪,2024,5.6856708989,26.05,74.6362770213,29.019200629576,33.998865743005,777102455000.0,338.851888583932
002594,比亚迪,2023,5.342397795,24.4,77.8584903396,42.035195980877,80.724349385843,602315354000.0,350.669288898692
002594,比亚迪,2022,4.486370045,16.14,75.4202247166,96.195029207482,445.859500300146,424060635000.0,335.176932280087
002594,比亚迪,2021,1.5971361593,3.73,64.7561845995,38.023998706341,-28.082286733454,216142395000.0,413.725147442663
002594,比亚迪,2020,3.0323095172,7.43,67.9361401896,22.592376459527,162.27303416024,156597691000.0,455.936508795606
002594,比亚迪,2019,1.0860011286,2.62,68.0019882071,-1.780930543329,-41.930311337986,127738523000.0,549.859814802811
002594,比亚迪,2018,1.908491782,4.96,68.8062686727,22.791930245907,-31.631401915859,130054707000.0,515.788261780992
002594,比亚迪,2017,3.0429389085,7.76,66.3348237555,2.362718730919,-19.510014936203,105914702000.0,549.221556040089
002594,比亚迪,2016,4.2063900198,12.91,61.8052899668,29.322999141796,78.936057101955,103469997000.0,453.2731931946
002594,比亚迪,2015,2.9959682495,10.22,68.8020041952,37.482190748974,551.275243642235,80008968000.0,471.310038644845
002594,比亚迪,2014,0.8601954866,1.84,69.2641326181,10.087519345185,-21.613245603091,58195878000.0,532.069708442461
600309,万华化学,2025,4.5558886425,12.44,62.8094767486,11.624955814045,-3.881400546143,203234573814.42,545.879690602409
600309,万华化学,2024,5.4143574803,14.29,64.715859974,3.825357949313,-22.494909097317,182069119160.94,540.164492251044
600309,万华化学,2023,8.0636558057,20.42,62.6722771735,5.916360726829,3.585948753026,175360935668.36,465.890797390617
600309,万华化学,2022,8.7136830781,22.75,59.5022444788,13.76114268544,-34.140160209112,165565484373.69,425.254701318159
600309,万华化学,2021,15.4534695392,42.53,62.32682234,98.191385490359,145.47054549653,145537817628.55,400.797581335212
600309,万华化学,2020,9.0321824454,22.2,61.3833697726,7.909253401272,-0.87420743562,73432968475.63,565.294300769479
600309,万华化学,2019,11.5189355488,25.44,54.6470731038,-6.571430007928,-34.923431860302,68050668650.78,486.507790164276
600309,万华化学,2018,21.0247104705,50.83,54.5362369544,37.109859540235,39.798374824527,72837108238.47,377.835073587817
600309,万华化学,2017,22.8304418073,85.88,53.2808961998,76.489759612637,202.623368299963,53123173258.81,395.05724713314
600309,万华化学,2016,9.2281538374,28.11,63.8847011248,54.418583407817,128.571917290428,30099861530.44,589.454467713044
600309,万华化学,2015,5.0998880703,14.67,68.9919147631,-11.752726782575,-33.464248385897,19492382889.53,825.52095242035
600309,万华化学,2014,8.7991607934,24.17,68.0572025376,9.14318469947,-16.325790308381,22088368488.74,595.967424882279
600585,海螺水泥,2025,3.0777643512,4.27,20.4645103004,-9.334944983251,5.417673218667,82532050796.0,1114.75958365438
600585,海螺水泥,2024,3.0592130104,4.14,21.3080508295,-35.511889554057,-26.19439148019,91029615303.0,990.650004131294
600585,海螺水泥,2023,4.3825409258,5.64,19.6199779508,6.919819261533,-33.416013043915,141157206613.0,625.259616525791
600585,海螺水泥,2022,6.8024508221,8.51,19.6669936648,-21.396883061782,-52.924858131703,132021553710.0,646.983589213789
600585,海螺水泥,2021,15.8018391396,19.23,16.7849073573,-4.727891322459,-5.377596100836,167959692761.0,463.406109658337
600585,海螺水泥,2020,19.126350111,23.59,16.4660915192,12.267940468441,4.66014047265,176294715308.0,388.630014736641
600585,海螺水泥,2019,20.9256410491,27.0,20.3922739148,22.295262486904,12.673355720828,157030328135.0,376.35033146381
600585,海螺水泥,2018,22.5521893372,29.66,22.153169722,70.496916777799,88.047336362273,128402625696.0,380.865954486856
600585,海螺水泥,2017,14.1836894859,19.12,24.7075803544,34.647345203242,85.871333945463,75310819763.0,553.681491347199
600585,海螺水泥,2016,8.3147507503,11.59,26.6772441997,9.721950432585,13.48429813764,55931900959.0,692.863850521611
600585,海螺水泥,2015,7.333352961,11.03,30.128003068,-16.100569909382,-31.625854678611,50976036006.0,734.584540829119
600585,海螺水泥,2014,11.8635674471,18.47,31.9226089159,9.946901119713,17.194409022119,60758500923.0,578.726652971069
000708,中信特钢,2025,5.4722841663,14.08,58.7812687029,-1.675281571451,15.667176180484,107373484700.24,371.095999569715
000708,中信特钢,2024,4.7096784186,13.05,60.5304045403,-4.223740092299,-10.409766143695,109202941453.9,375.072289586645
000708,中信特钢,2023,5.6908577706,15.54,64.2642639908,15.937912953814,-19.480655976295,114018799187.96,327.232545706904
000708,中信特钢,2022,8.1028006221,20.96,59.8593926603,-0.252258590245,-8.644896926641,98344705612.72,321.173679978556
000708,中信特钢,2021,9.6018823285,26.27,61.2842666785,29.237364872907,28.937792801257,98593415973.93,296.069705022105
000708,中信特钢,2020,8.0448321491,22.92,63.3403116131,5.052007610204,11.98727409643,76288630668.76,354.044469864282
000708,中信特钢,2019,7.5503455837,24.19,65.1765819022,0.595931698644,50.448397981886,72619869343.03,353.824581855439
000708,中信特钢,2018,11.4795588172,19.3,66.0397437695,605.868550289519,806.627525338582,72189668226.92,191.351008467861
000708,中信特钢,2017,6.3561038532,7.49,38.7678893873,59.980776460464,34.92545705687,10227069643.11,218.699717257999
000708,中信特钢,2016,5.3288825232,8.13,36.3229447023,3.154732284475,8.242721101163,6392686589.84,309.297893592418
000708,中信特钢,2015,5.3200454862,7.97,31.912926752,-15.713766244588,0.871416665239,6197182085.85,295.248852178231
000708,中信特钢,2014,5.6259913856,8.34,34.0129240682,-1.145066345412,32.924252853617,7352543600.22,233.288337734295
300750,宁德时代,2025,8.7183575136,24.91,61.9392859503,17.040646606968,42.28344558352,423701834000.0,748.326758622887
300750,宁德时代,2024,7.182584702,24.13,65.2382444159,-9.703875523676,15.011891776044,362012554000.0,747.732935030165
300750,宁德时代,2023,7.0951081937,24.04,69.340079531,22.009854182131,43.581025236824,400917045000.0,591.797414654274
300750,宁德时代,2022,7.3643927024,24.67,70.561865439,152.074703676161,92.885257157539,328593987500.0,497.731134852189
300750,宁德时代,2021,7.6938600336,21.52,69.8953035666,159.056286854844,185.336762750933,130355796400.0,641.101923443262
300750,宁德时代,2020,4.7322623173,11.27,55.8195559938,9.896621417596,22.433383766016,50319487700.0,922.797007132947
300750,宁德时代,2019,5.7210653413,12.78,58.3748866804,54.630408295538,34.640095338351,45788020642.41,688.879363826258
300750,宁德时代,2018,6.0477533124,11.75,52.3573282374,48.079569693492,-12.659241238101,29611265434.22,751.011003191029
300750,宁德时代,2017,10.7194690233,18.99,46.6981455198,34.396672047589,35.981686774281,19996860806.33,704.37135882796
300750,宁德时代,2016,15.6647194781,69.55,44.7637280961,160.902778610658,206.434484199604,14878985098.12,450.771936927526
300750,宁德时代,2015,16.4630348284,130.37,82.7241354705,557.934310842411,1609.93758140733,5702884874.34,364.491296791047
300750,宁德时代,2014,3.8651612012,23.72,88.3340821364,,,866786361.55,
002460,赣锋锂业,2025,1.1794527532,3.8,54.2305761941,22.084210409755,177.771001841514,23081732746.32,1669.55707198917
002460,赣锋锂业,2024,-2.7323110799,-4.6,52.8049068677,-42.658660879116,-141.926283809413,18906402940.11,1832.9999589955
002460,赣锋锂业,2023,5.3556198084,10.84,42.9475896135,-21.162835384803,-75.873420968269,32971680169.96,932.752162711275
002460,赣锋锂业,2022,34.6154833847,61.41,38.2688685982,274.679318093286,292.157244331649,41822508877.5,508.792557983136
002460,赣锋锂业,2021,17.7367715281,31.04,33.0032229503,102.068112864007,410.258252929642,11162214421.21,984.917888463727
002460,赣锋锂业,2020,5.8707270575,11.07,39.0636881231,3.412119440907,186.160732913543,5523986077.27,1180.67150157037
002460,赣锋锂业,2019,2.5376604092,4.38,40.8269727319,6.751503242664,-73.304996032811,5341720203.72,938.522473240038
002460,赣锋锂业,2018,12.40359574,25.85,40.6454782853,14.154086259186,-8.695067961489,5003882888.26,778.358889505379
002460,赣锋锂业,2017,24.874654415,46.37,49.4546873967,54.12308920197,216.362737298021,4383446140.42,484.872294728791
002460,赣锋锂业,2016,14.6905641105,21.76,34.6108045178,110.064875266798,271.034904527102,2844120347.65,401.014326990554
002460,赣锋锂业,2015,5.5688211298,6.69,25.4937166637,55.716580723345,45.990737162467,1353924754.93,595.868231600461
002460,赣锋锂业,2014,4.5008982948,5.47,28.9939678932,26.697064919906,15.654737168215,869480146.97,776.397085113821
601012,隆基绿能,2025,-4.2457662926,-11.15,64.428043823,-14.815798483424,25.285377842608,70347049950.42,784.625585748196
601012,隆基绿能,2024,-5.461955087,-13.07,59.8293028923,-36.22875960216,-179.915936313407,82582273118.72,690.534418438089
601012,隆基绿能,2023,7.0417032216,16.24,56.8748190242,0.38726353046,-27.412012217812,129497674192.2,421.895322390981
601012,隆基绿能,2022,12.4428359377,26.95,55.3910378028,60.031665088615,63.01751686233,128998111551.18,331.107831777738
601012,隆基绿能,2021,9.7899608499,21.45,51.3102452534,47.678939876332,6.238170294785,80607866874.19,413.936613481299
601012,隆基绿能,2020,11.8412506652,27.23,59.3790944445,65.919165938314,61.990431037824,54583183588.46,484.562874207703
601012,隆基绿能,2019,11.2307661736,23.93,52.2884973915,49.618116650162,106.396645470784,32897455384.24,541.481974681863
601012,隆基绿能,2018,7.0761508024,16.71,57.5766997113,34.379859716409,-28.238302279082,21987614949.84,593.867503145817
601012,隆基绿能,2017,13.6368190985,30.14,56.6832673729,41.903967842899,130.380249196235,16362284494.3,572.664462557134
601012,隆基绿能,2016,10.5581821141,21.77,47.3534488506,93.887173715036,197.359034085027,11530533460.78,458.660524840081
601012,隆基绿能,2015,6.252027364,11.81,44.618637426,61.596747075033,77.250488992157,5947032616.88,504.192379996438
601012,隆基绿能,2014,5.3622651581,9.48,49.4125178431,61.378295490472,313.853907928753,3680168521.04,544.722565341997
600031,三一重工,2025,5.2160398672,11.18,48.3947825522,14.436894842209,41.179790270179,89699505000.0,653.068918273101
600031,三一重工,2024,4.0168580398,8.52,52.0184284372,5.896387108293,31.543488819647,78383379000.0,696.610926916508
600031,三一重工,2023,2.9704895617,6.85,54.2589305457,-8.436068790464,5.525493510374,74018936000.0,754.164243052997
600031,三一重工,2022,2.9731083517,6.67,58.4110831476,-24.360472729069,-64.345913578281,80838530000.0,662.382259301172
600031,三一重工,2021,9.3010271159,19.95,53.019084779,6.814960875653,-22.036897272514,106873394000.0,446.388412255594
600031,三一重工,2020,14.0569729962,29.55,53.8297064021,31.248814077449,36.277555480467,100054705000.0,406.081287232034
600031,三一重工,2019,13.4331259584,27.16,51.2069059471,36.565372728044,85.176417461048,76232845000.0,408.523735668043
600031,三一重工,2018,9.5498398321,21.45,55.9441070351,45.614653228777,192.330229661518,55821504000.0,425.682445603599
600031,三一重工,2017,3.7182329131,8.69,54.7145826011,64.669108411692,928.351445268533,38335087000.0,562.478918073069
600031,三一重工,2016,0.2638859002,0.89,61.8995766824,-0.810686916676,4001.12880467648,23280072000.0,959.87181998419
600031,三一重工,2015,0.0072071048,0.02,61.0165144619,-22.705224263381,-99.300485331483,23470343000.0,963.245024582186
600031,三一重工,2014,1.1916590738,2.95,60.7347295314,-18.654065365066,-75.574899391961,30364721000.0,752.119574555215
000157,中联重科,2025,3.9759713279,8.34,55.0305872854,14.576097834497,38.010397356638,52107129173.91,887.395211705641
000157,中联重科,2024,3.1490064786,6.24,51.644336967,-3.391765441458,0.40975162513,45478184506.84,1007.7239235222
000157,中联重科,2023,2.9643814581,6.41,54.7866445981,13.075088991949,52.035554213641,47074853106.11,972.807596457192
000157,中联重科,2022,1.9421155258,4.13,53.8860168569,-37.9843452935,-63.219578214576,41631497729.32,1061.76370999721
000157,中联重科,2021,5.3598074996,11.56,52.2225495282,3.105079740049,-13.88475790694,67130626817.29,638.944693955897
000157,中联重科,2020,7.0607028056,16.7,58.8157918702,50.341394762542,66.550248754747,65108942242.75,575.984385526861
000157,中联重科,2019,4.6086754282,10.82,57.060914275,50.915026633238,116.424062047501,43307395375.43,771.102537975559
000157,中联重科,2018,2.2158181055,5.25,58.5171655239,23.304575877995,51.649601140299,28696542909.99,1107.76512730784
000157,中联重科,2017,1.4486992919,3.57,54.0255895508,16.233608800089,242.650455392709,23272893731.36,1332.5466423373
000157,中联重科,2016,-0.9895968418,-2.44,57.6009349651,-3.521504063782,-1218.6369857513,20022516698.58,1643.92560228353
000157,中联重科,2015,0.0972444493,0.21,56.6711519381,-19.719972190128,-85.949859133877,20753346644.02,1626.07873433526
000157,中联重科,2014,0.6850971164,1.43,56.0059641309,-32.926817810123,-84.525333374568,25851195135.57,1276.27060409982
601100,恒立液压,2025,13.2642587251,16.63,19.9943585953,16.521736476897,8.98527996343,10941028858.98,679.618981871905
601100,恒立液压,2024,13.3871493626,16.81,19.4019008611,4.508235485764,0.399309773735,9389689159.97,719.529507226114
601100,恒立液压,2023,14.6861871818,18.69,19.2927984914,9.612712248749,6.659213388178,8984640412.62,683.098568602235
601100,恒立液压,2022,16.4640577773,22.6,21.7463330313,-11.950565498145,-13.02635116668,8196713892.3,626.587871155401
601100,恒立液压,2021,23.5187766654,32.83,25.0791810734,18.512700512919,19.509756821305,9309218098.53,443.799536157325
601100,恒立液压,2020,23.743618873,34.73,30.7775651811,45.086931766328,73.883263088651,7855038369.93,436.471188198351
601100,恒立液压,2019,16.538809721,24.32,33.377935738,28.569308989111,54.928579038645,5414021975.86,521.919027869495
601100,恒立液压,2018,12.4662895887,19.94,37.0807742178,50.649610062356,119.050765105063,4210975401.85,573.961662551901
601100,恒立液压,2017,6.7105677698,10.39,37.0841270303,104.015113479676,442.900506204599,2795211617.28,731.224838051862
601100,恒立液压,2016,1.3611949563,2.02,32.0144793716,25.975992990633,10.766093197399,1370100268.36,1300.60601944778
601100,恒立液压,2015,1.3842689852,1.84,25.4260231334,-0.521426781292,-30.893462079546,1087588385.56,1449.83429797817
601100,恒立液压,2014,2.2560359269,2.68,14.2853161318,-11.095908022083,-58.488421123485,1093289087.66,1302.88311920547
000002,万科A,2025,-7.9596670821,-55.42,76.8905759552,-31.978789547597,-78.979955318052,233432768960.43,1778.8371627655
000002,万科A,2024,-3.4899329547,-21.82,73.6558161315,-26.315729583419,-506.805173195476,343176440712.96,1463.96939339817
000002,万科A,2023,1.2539209777,4.91,73.2243423025,-7.561808136259,-46.392857176344,465739076702.23,1260.95908378692
000002,万科A,2022,2.0350676659,9.48,76.9236721504,11.272271269499,0.730412779545,503838367358.76,1320.5817475043
000002,万科A,2021,1.9995469733,9.78,79.7397579924,8.037498846071,-45.745543229501,452797773974.14,1513.71490648056
000002,万科A,2020,3.2951576016,20.13,81.2835030739,13.921895226364,6.800401707428,419111677714.12,1545.74356297482
000002,万科A,2019,3.3838554897,22.47,84.3589508607,23.587309933658,15.099303576271,367893877538.94,1594.29558643479
000002,万科A,2018,3.6580284327,23.24,84.585639666,22.553673362424,20.393820578958,297679331103.19,1628.9566614321
000002,万科A,2017,3.7282558525,22.8,83.9812560272,1.006279578949,33.436428100377,242897110250.52,1479.16046980186
000002,万科A,2016,3.932156671,19.68,80.5367051762,22.975355041282,16.022600119179,240477236923.34,1079.33110015349
000002,万科A,2015,4.6350518598,19.14,77.7015204222,33.582755425144,15.077063403529,195549130020.9,1030.6707993902
000002,万科A,2014,3.9058827613,19.17,77.2046378656,8.100215140439,4.146593182282,146388004498.44,1214.37910717064
600048,保利发展,2025,0.3979481153,0.54,72.2325418468,-1.130096549112,-79.310934920247,308144189553.44,1474.38915877318
600048,保利发展,2024,0.702584311,2.53,74.3444108529,-10.155049828543,-58.555412487992,311666319879.14,1600.95439654721
600048,保利发展,2023,1.2309209834,6.13,76.545070721,23.402121864808,-34.131822513792,346893530782.05,1509.07298955004
600048,保利发展,2022,1.879816178,9.16,78.1052461464,-1.373871850356,-33.108400765557,281108238286.28,1838.54976275209
600048,保利发展,2021,2.8052983216,14.39,78.3622180514,17.186581100094,-5.394470979123,285024104220.9,1674.41041426873
600048,保利发展,2020,3.5059455257,17.08,78.6886115856,3.068653548714,3.542648119031,243222476110.51,1690.78514045851
600048,保利发展,2019,3.9957347924,21.01,77.7855137853,21.292405568122,47.902247799147,235981035684.68,1433.78672236796
600048,保利发展,2018,3.3869117781,16.63,77.9686125414,32.658781237835,20.917550657073,194555491400.61,1428.60602136485
600048,保利发展,2017,3.3790916994,16.34,77.3286479698,-5.242953382005,25.858339222278,146658584969.06,1430.6265114402
600048,保利发展,2016,3.91660075,15.53,74.7643672777,25.394798869572,0.599081345389,154773275659.7,1013.93083093575
600048,保利发展,2015,4.3731141089,18.63,75.9454192385,13.178753666376,1.207050122191,123428784172.05,1122.32971644197
600048,保利发展,2014,4.1875080882,21.65,77.8895895721,18.083350201352,13.521277616904,109056497066.48,1121.86795714195
601888,中国中免,2025,4.8789787895,6.48,18.4806820019,-4.923108960837,-15.957728143438,53693579201.52,507.021217838505
601888,中国中免,2024,6.2689321196,7.88,20.0786281249,-16.384718882873,-36.441602496513,56473848287.07,494.447629034586
601888,中国中免,2023,9.3892655669,13.12,24.9624943408,24.079674001352,33.462772522427,67540104550.94,412.493613957214
601888,中国中免,2022,9.4202880454,13.95,28.6930307837,-19.5678801818,-47.891888495646,54432851387.25,434.455282558887
601888,中国中免,2021,25.389034233,37.33,37.2831172356,28.666038757497,57.232308008066,67675515093.08,259.063385728405
601888,中国中免,2020,19.894757111,29.36,37.5461565899,8.198584554284,32.563478686821,52597807274.25,252.393124337291
601888,中国中免,2019,19.1118010881,25.38,27.8715745124,3.414290573582,49.659602162887,48612287758.59,217.247226859242
601888,中国中免,2018,16.4721234101,20.56,30.7780515783,66.207640056969,22.285194391057,47007321221.24,182.957331881103
601888,中国中免,2017,15.3561467356,19.12,28.2862141944,26.317763736085,39.961071590871,28282286665.72,243.246877408623
601888,中国中免,2016,12.3275802081,15.26,22.7180873519,5.156499080765,20.074154000431,22389793667.35,265.452250865632
601888,中国中免,2015,11.3135526516,14.15,24.4026740782,6.801485380832,2.422161194414,21291878165.47,257.270999570459
601888,中国中免,2014,12.0772183532,15.37,26.5855486614,14.257927386861,13.57073037087,19935938240.51,249.75991502613
600900,长江电力,2025,6.2088245934,15.9,58.2694597691,2.071287620863,6.174992912414,86241940222.2,2349.70159416863
600900,长江电力,2024,5.7796412253,15.71,60.8030492936,8.123941117611,19.275572965433,84491870566.52,2427.62195176173
600900,长江电力,2023,4.8580257818,13.52,62.9034409926,13.476598470339,14.830621757183,78143535736.1,2652.1789302293
600900,长江电力,2022,5.5350493465,9.32,55.7410615696,23.751597788344,-9.694677759053,68863128424.25,2370.83381086377
600900,长江电力,2021,8.0333122039,14.92,42.0847570248,-3.698491724317,-0.094652914166,55646253991.83,2132.94264323423
600900,长江电力,2020,8.4507700325,16.71,46.098246386,15.858496186028,22.06882814624,57783367039.83,1954.12281687076
600900,长江电力,2019,7.2865474671,14.77,49.4014743791,-2.616237293948,-4.720913654232,49874086874.95,2136.50781839657
600900,长江电力,2018,7.6126184705,16.31,51.713703168,2.1307233881,1.572375408991,51213965746.52,2090.85814808381
600900,长江电力,2017,7.4460531815,16.91,54.7362580356,2.464507805836,7.12052223515,50145503769.62,2147.60565303392
600900,长江电力,2016,6.9397900779,16.88,56.9994842651,3.171550170449,13.965273905756,48939388714.62,2219.36212340391
600900,长江电力,2015,9.3519740695,15.56,56.1876628522,76.352630956617,54.139341306406,47434965001.27,1713.33697863033
600900,长江电力,2014,7.9771836009,16.3,41.4014018681,18.504812651724,31.544957597725,26897792646.45,1984.85570621041
601668,中国建筑,2025,1.5867862731,8.15,76.9002492771,-4.809163175162,-15.423516465256,2082141811000.0,583.573002837964
601668,中国建筑,2024,2.0595918437,10.36,75.7982420702,-3.451509540523,-14.872573474952,2187334286000.0,501.412812014757
601668,中国建筑,2023,2.6471102981,13.36,74.8195350597,10.241938735888,6.504126442747,2265529244000.0,441.451219907296
601668,中国建筑,2022,2.7420236101,13.94,74.3531206561,8.577440799958,-1.160604320088,2055052070000.0,442.16910291735
601668,中国建筑,2021,3.3947890657,15.9,73.2111551195,17.19176889986,14.743811837744,1892706307000.0,436.299198151501
601668,中国建筑,2020,3.3562381321,15.53,73.6748094671,13.749044266776,7.267020855726,1615050549000.0,471.087209382217
601668,中国建筑,2019,3.2443789797,15.6,75.3331443792,18.386354852537,9.51869501171,1419836588000.0,493.953041348186
601668,中国建筑,2018,3.2436601725,15.97,76.9440882518,13.776408891009,16.087539724227,1199324525000.0,512.211862523529
601668,中国建筑,2017,3.1702363712,15.82,77.9669328691,9.829590496443,10.283509558587,1054106503000.0,502.53801090543
601668,中国建筑,2016,3.3380304849,15.87,79.0942111068,8.992778592863,14.61215909908,959765486000.0,462.648926761074
601668,中国建筑,2015,3.6050759946,16.0,77.7856886482,10.068185761819,15.471582213656,880577134000.0,407.598592629264
601668,中国建筑,2014,3.895787146,17.7,78.5755468969,17.341983401095,10.645163725668,800028753000.0,383.209584418664
601857,中国石油,2025,6.125027041,10.1,36.0642272385,-2.502126460314,-4.47788384464,2864469000000.0,352.932323582618
601857,中国石油,2024,6.6668674318,11.1,37.8910769206,-2.483759358367,2.020890381256,2937981000000.0,337.716247994816
601857,中国石油,2023,6.6506160423,11.4,40.7247728267,-6.988062054226,8.522368191047,3012812000000.0,324.408738414397
601857,中国石油,2022,6.3149706787,11.3,42.5455672855,23.899563524227,61.389307841712,3239167000000.0,287.473853617277
601857,中国石油,2021,4.5958140492,7.4,43.6920911732,35.189798928141,385.006841385117,2614349000000.0,343.629691368837
601857,中国石油,2020,1.2824063168,1.6,45.0697235171,-23.163210572113,-58.399194342886,1933836000000.0,486.021668848844
601857,中国石油,2019,2.5900792736,3.7,47.1468137963,5.973892327113,-13.865736375636,2516810000000.0,370.065527393643
601857,中国石油,2018,3.0529423891,4.4,42.2745414185,17.810694035885,132.659149738955,2374934000000.0,367.291983692895
601857,中国石油,2017,1.5322395905,2.0,42.5504488733,24.676000972229,188.518987341772,2015890000000.0,428.760894691469
601857,中国石油,2016,1.2278743422,0.7,42.7177037485,-6.289743762127,-77.841976832244,1616903000000.0,533.357857583547
601857,中国石油,2015,1.765361592,3.0,43.8498237747,-24.42151906164,-66.733225719164,1725428000000.0,500.690031691036
601857,中国石油,2014,5.0147239109,9.3,45.2160493827,1.099939595877,-17.290105497118,2282962000000.0,374.306887280586
600028,中国石化,2025,1.662583707,3.86,54.0840511093,-9.464079761605,-36.777771152585,2783583000000.0,274.204088759013
600028,中国石化,2024,2.7993564306,6.19,53.1702522723,-4.285298462276,-16.787126010949,3074562000000.0,240.704236896226
600028,中国石化,2023,3.5218506736,7.59,52.6981152371,-3.193117406955,-9.867028412987,3212215000000.0,222.900117208774
600028,中国石化,2022,3.9899218202,8.57,51.7991452093,21.061963950317,-5.794292776093,3318168000000.0,208.328113585524
600028,中国石化,2021,4.6872360053,9.4,51.5131096649,30.225340709756,114.024225301313,2740884000000.0,238.268814003034
600028,中国石化,2020,2.4061051983,4.46,48.8917106026,-28.889630681002,-42.256894427186,2104724000000.0,299.256700641023
600028,中国石化,2019,4.3054422933,7.85,50.1004950332,2.373426204327,-8.670291175958,2959799000000.0,203.887804543457
600028,中国石化,2018,5.0372481188,8.67,46.1373678962,22.497566936263,23.415951016256,2891179000000.0,198.467877637443
600028,中国石化,2017,4.5437254554,7.14,46.4702062796,22.232096663181,10.132281971734,2360193000000.0,235.972371750907
600028,中国石化,2016,4.0171398874,6.68,44.446817015,-4.428088844893,43.787367181934,1930911000000.0,274.615381030075
600028,中国石化,2015,3.0000317391,5.07,45.4444512005,-28.50543222476,-31.939700611427,2020375000000.0,258.246355255859
600028,中国石化,2014,3.4513125714,8.14,55.4148224296,-1.888580781728,-29.397579600768,2825914000000.0,180.533137243354
601899,紫金矿业,2025,14.0482224712,33.04,51.5585878245,14.964804410147,61.548688162027,349079082852.0,468.520931444709
601899,紫金矿业,2024,10.6522414218,25.89,55.1876145531,3.488957441161,51.75891709169,303639957153.0,438.450063473796
601899,紫金矿业,2023,8.1779849895,21.43,59.6616633797,8.535615694407,5.375566921842,293403242878.0,398.185688204455
601899,紫金矿业,2022,9.6250843412,25.29,59.3341516944,20.091519267463,27.87731424586,270328998459.0,342.674991195127
601899,紫金矿业,2021,10.0277517654,23.97,55.4652250096,31.254071002557,140.804190923201,225102488592.0,312.583959310169
601899,紫金矿业,2020,5.5255262185,12.19,59.0833681528,26.013142140376,51.928540796764,171501338490.0,321.315017463763
601899,紫金矿业,2019,4.2760333879,11.38,53.9052237378,28.401288745491,4.645682741378,136097978018.0,313.067437235072
601899,紫金矿业,2018,4.6318519962,11.7,58.1201238022,12.105546473541,16.70761632832,105994246123.0,343.367904030699
601899,紫金矿业,2017,3.6380387439,11.1,57.8539616614,19.907742263182,90.657673484104,94548619098.0,339.887920016161
601899,紫金矿业,2016,1.9491145428,6.66,65.1229429859,6.120249461989,11.120997733453,78851137811.0,395.222097862835
601899,紫金矿业,2015,1.6881337748,6.01,61.9512328733,26.451495199218,-29.397553468965,74303573739.0,385.354975456633
601899,紫金矿业,2014,3.7103752298,8.47,55.2034232776,18.060576597355,10.337518563844,58760533928.0,435.163435539209
600150,中国船舶,2025,2.5512720424,7.36,64.4247565735,13.96853164593,85.999649876528,151977991216.09,976.083132615264
600150,中国船舶,2024,1.770563045,4.65,65.4308183383,78.184797217377,42.678381265028,133350837306.78,784.883243185606
600150,中国船舶,2023,1.7357183196,0.03,70.4932299693,25.810224537751,1614.72775553577,74838504400.63,818.853480000046
600150,中国船舶,2022,0.5407327656,0.38,69.0769457545,-0.427171348629,-19.336503695673,59485232361.36,977.459130679546
600150,中国船舶,2021,0.1482030337,0.47,66.8931232109,8.140109990446,-30.080466505903,59740426346.26,942.814149226365
600150,中国船舶,2020,0.1795118751,0.71,65.3622599975,4.91108447204,-84.925101910349,55243541320.18,928.800363423143
600150,中国船舶,2019,2.4913198054,7.2,64.3259395061,211.392847408126,314.654316627002,52657487622.2,607.836632039412
600150,中国船舶,2018,1.2433723203,4.8,54.4529806846,1.313310332854,121.269538009593,16910307369.13,1038.85909733082
600150,中国船舶,2017,-4.7933493625,-15.94,71.3434632864,-22.211648369743,11.682222593087,16691101409.65,1144.53449071984
600150,中国船舶,2016,-5.7384252021,-15.42,66.2410836113,-22.715785814234,-4310.71587942915,21457070448.01,881.969419871941
600150,中国船舶,2015,-0.4533436723,0.34,62.1196977736,-1.9765082138,39.965350919351,27763846309.46,668.53420016099
600150,中国船舶,2014,-0.0785279738,0.25,62.167806079,27.594691541808,11.771811879757,28323665892.27,653.382393307944
