,样本量,均值,标准差,最小值,P25,中位数,P75,最大值
TONE,112.0,4.7407,1.8311,0.6336,3.3202,4.7104,5.8292,9.7922
TONEml,112.0,50.7913,7.9109,32.1782,46.1492,50.4163,55.7961,70.8405
TONE_sd,112.0,0.1303,0.0171,0.0891,0.1177,0.128,0.1432,0.1736
PosRatio,112.0,0.059,0.0172,0.0056,0.047,0.0601,0.0695,0.1119
NegRatio,112.0,0.0119,0.0051,0.0021,0.0078,0.0115,0.015,0.0367
roa_next,112.0,7.0351,6.6698,-5.3282,2.9397,5.7352,8.8333,29.2874
roa,112.0,7.8843,7.0636,-3.4066,3.0419,6.9586,9.1175,31.0522
size,112.0,25.4961,1.2524,22.9236,24.5664,25.4456,26.2433,28.7932
lev,112.0,50.8041,18.9421,8.2089,33.1463,57.073,64.0695,77.7557
revGrowth,112.0,9.63,27.0003,-37.7912,-3.2428,7.2566,15.7247,145.9279
