TONE_dict,PosRatio,NegRatio,TONE_sd,nSent,TONE_odd,TONE_even,secCode,secName,year,nChars,nTokens,Skepticism,TONE_ml,roa,roe,lev,revGrowth,profitGrowth,revenue,assetTurnoverDays,roa_next,roe_next,size,D_overOptim,D_highLev,TONE_dict_raw,TONE_ml_raw,TONE_sd_raw,roa_raw,roa_next_raw,size_raw,lev_raw,revGrowth_raw
0.0293401665598975,0.0442024343369634,0.0148622677770659,0.1276492527512261,1672,0.0339216767788196,0.0297669194046616,000002,万科A,2022,48681,7805,0.0020499679692504,0.4580682114145194,2.0350676659,9.48,76.9236721504,11.272271269499,0.730412779545,503838367358.76,1320.5817475043,1.2539209777,4.91,26.94552135389764,0,1,0.0293401665598975,0.4580682114145194,0.1276492527512261,2.0350676659,1.2539209777,26.94552135389764,76.9236721504,11.272271269499
0.0281589309151652,0.0412838563417253,0.01312492542656,0.13156852118361,1668,0.0217332975583579,0.037999509683746,000002,万科A,2023,48998,8381,0.0019090800620451,0.4679927948044255,1.2539209777,4.91,73.2243423025,-7.561808136259,-46.392857176344,465739076702.23,1260.95908378692,-3.4899329547,-21.82,26.86689139301777,0,1,0.0281589309151652,0.4679927948044255,0.13156852118361,1.2539209777,-3.4899329547,26.86689139301777,73.2243423025,-7.561808136259
0.0308687811604964,0.0459318977405325,0.015063116580036,0.123363713467976,1748,0.0303567471748282,0.0348652931854199,000002,万科A,2024,49206,9427,0.0022276440012729,0.5148297245755568,-3.406594548472,-21.82,73.6558161315,-26.315729583419,-506.805173195476,343176440712.96,1463.96939339817,-5.328174319616,-55.42,26.561510556262718,0,1,0.0308687811604964,0.5148297245755568,0.123363713467976,-3.4899329547,-7.9596670821,26.561510556262718,73.6558161315,-26.315729583419
0.057818352059925,0.0711610486891385,0.0133426966292134,0.1491036052345898,1502,0.0619885940986858,0.0584291187739463,000157,中联重科,2022,32063,8544,0.0067883895131086,0.4288104584731579,1.9421155258,4.13,53.8860168569,-37.7912308674526,-63.219578214576,41631497729.32,1061.76370999721,2.9643814581,6.41,24.452122874669715,0,0,0.057818352059925,0.4288104584731579,0.1491036052345898,1.9421155258,2.9643814581,24.452122874669715,53.8860168569,-37.9843452935
0.063317274604267,0.0738373807885163,0.0105201061842493,0.1453431403993687,1553,0.0625769388592531,0.069781803211198,000157,中联重科,2023,37367,10171,0.0059974437125159,0.4644525928510972,2.9643814581,6.41,54.7866445981,13.075088991949,52.035554213641,47074853106.11,972.807596457192,3.1490064786,6.24,24.57500479106224,0,0,0.063317274604267,0.4644525928510972,0.1453431403993687,2.9643814581,3.1490064786,24.57500479106224,54.7866445981,13.075088991949
0.0679121905651564,0.0780943484353106,0.0101821578701541,0.1429785306979671,1701,0.0657267672756155,0.0763299922898997,000157,中联重科,2024,39068,10705,0.0054180289584306,0.4875644527616566,3.1490064786,6.24,51.644336967,-3.391765441458,0.40975162513,45478184506.84,1007.7239235222,3.9759713279,8.34,24.54049858653682,0,0,0.0679121905651564,0.4875644527616566,0.1429785306979671,3.1490064786,3.9759713279,24.54049858653682,51.644336967,-3.391765441458
0.0695514396547014,0.0743047587827132,0.0047533191280118,0.1221807167438172,1794,0.0666594524402121,0.073572228443449,000333,美的集团,2022,58108,18303,0.0006009943725072,0.6485092382714344,7.3559976742,22.21,64.046406739,0.683794081634,3.429232877144,345708706000.0,422.003392590486,7.4280420936,22.23,26.56886236724216,1,1,0.0695514396547014,0.6485092382714344,0.1221807167438172,7.3559976742,7.4280420936,26.56886236724216,64.046406739,0.683794081634
0.0688825214899713,0.0727793696275071,0.0038968481375358,0.1148281474688991,1754,0.0728155339805825,0.0665890570430733,000333,美的集团,2023,57039,17450,0.0006876790830945,0.6343818421440849,7.4280420936,22.23,64.138692239,8.099621882244,14.097913997144,373709804000.0,437.630534252847,7.1088716303,21.29,26.64674540804154,1,1,0.0688825214899713,0.6343818421440849,0.1148281474688991,7.4280420936,7.1088716303,26.64674540804154,64.138692239,8.099621882244
0.0699195462175146,0.0773282398564565,0.0074086936389419,0.1247963726207808,1805,0.0713461094435465,0.0702883011675006,000333,美的集团,2024,57345,17277,0.0029519013717659,0.6210563868556584,7.1088716303,21.29,62.3286683296,9.465757018245,14.286213778289,409084266000.0,479.779407257624,7.3396414576,19.7,26.737187001107937,0,1,0.0699195462175146,0.6210563868556584,0.1247963726207808,7.1088716303,7.3396414576,26.737187001107937,62.3286683296,9.465757018245
0.0518647385016853,0.0607806893552245,0.0089159508535391,0.1255678377430442,1283,0.0522890484739676,0.0555429091736854,000538,云南白药,2022,35259,9197,0.0020658910514298,0.6252907705278986,5.3766935429,7.87,27.7450951419,0.314658515761,6.995187076392,36488372649.73,521.211163204067,7.6981503611,10.51,24.320259489242982,0,0,0.0518647385016853,0.6252907705278986,0.1255678377430442,5.3766935429,7.6981503611,24.320259489242982,27.7450951419,0.314658515761
0.0749617082620055,0.0809982881340661,0.0060365798720605,0.1186107645562865,1605,0.0776951672862453,0.0755474452554744,000538,云南白药,2023,43086,11099,0.0015316695197765,0.5697853472704029,7.6981503611,10.51,25.8048065338,7.18837074881,36.408209037123,39111292156.0,492.925229689985,8.9355960933,11.99,24.389677064186213,1,0,0.0749617082620055,0.5697853472704029,0.1186107645562865,7.6981503611,8.9355960933,24.389677064186213,25.8048065338,7.18837074881
0.0763598326359832,0.0811144922023583,0.004754659566375,0.1179756231447984,1892,0.0846905537459283,0.0726065969428801,000538,云南白药,2024,45189,10516,0.001331304678585,0.5518466616242389,8.9355960933,11.99,26.5488313659,2.357397590042,16.015347511798,40033300814.72,479.74373889211,9.6842826918,13.02,24.412977465075482,1,0,0.0763598326359832,0.5518466616242389,0.1179756231447984,8.9355960933,9.6842826918,24.412977465075482,26.5488313659,2.357397590042
0.051010202040408,0.0568113622724544,0.0058011602320464,0.1519595585581326,938,0.0531866116460339,0.0595034246575342,000568,泸州老窖,2022,21068,4999,0.0016003200640128,0.567882398501785,22.0103388505,33.32,33.1935908126,21.709353398806,30.291150352659,25123563271.62,677.750493460255,23.1752134197,35.07,23.947072018471523,0,0,0.051010202040408,0.567882398501785,0.1519595585581326,22.0103388505,23.1752134197,23.947072018471523,33.1935908126,21.709353398806
0.0492303223932616,0.0592506534998547,0.010020331106593,0.1437644736822607,1162,0.058213959158793,0.0475425634436235,000568,泸州老窖,2023,26589,6886,0.0056636654080743,0.5597777939080414,23.1752134197,35.07,34.3833395871,20.338429152731,27.794547875992,30233301388.26,682.769913712857,20.5088139622,30.44,24.132209848781194,0,0,0.0492303223932616,0.5597777939080414,0.1437644736822607,23.1752134197,20.5088139622,24.132209848781194,34.3833395871,20.338429152731
0.0392738897134376,0.0529740837995205,0.0137001940860828,0.1243296289496987,1416,0.0420303169499311,0.0390871570769604,000625,长安汽车,2022,33976,8759,0.0055942459184838,0.4743215772850808,5.5035882172,13.07,56.8985153316,15.323092255645,119.531763309357,121252864085.4,417.818291237834,5.6521881649,16.55,25.52114398780791,0,0,0.0392738897134376,0.4743215772850808,0.1243296289496987,5.5035882172,5.6521881649,25.52114398780791,56.8985153316,15.323092255645
0.0330974663318877,0.0439397397854371,0.0108422734535494,0.1129352213596887,1324,0.0352195351021366,0.0335409678965021,000625,长安汽车,2023,35144,8762,0.0057064597123944,0.5328180519975025,5.6521881649,16.55,60.7283934408,24.778666292294,45.246502878889,151297706646.97,400.003651606224,3.064811687,9.69,25.742515299971977,0,1,0.0330974663318877,0.5328180519975025,0.1129352213596887,5.6521881649,3.064811687,25.742515299971977,60.7283934408,24.778666292294
0.051230871590153,0.0605455755156353,0.0093147039254823,0.1251166403777896,1413,0.0594582185491276,0.0481841917873249,000625,长安汽车,2024,35392,9018,0.0042137946329563,0.5043766415874482,3.064811687,9.69,62.0111937978,5.575317533373,-35.366252013,159733034213.25,448.880672748522,1.5408740475,5.3,25.79676972245623,0,1,0.051230871590153,0.5043766415874482,0.1251166403777896,3.064811687,1.5408740475,25.79676972245623,62.0111937978,5.575317533373
0.0538882983073023,0.0633739471747485,0.0094856488674462,0.1466386633695525,1585,0.0562820725045522,0.0542701599183395,000651,格力电器,2022,44329,12229,0.0039250960830812,0.7084046405444338,6.8215216481,24.19,71.3082414149,0.261865782342,6.256105414893,190150672542.13,638.653600228407,7.6664575227,26.53,25.971082608217554,0,1,0.0538882983073023,0.7249868252252543,0.1466386633695525,6.8215216481,7.6664575227,25.971082608217554,71.3082414149,0.261865782342
0.0606805060803341,0.0646112271219751,0.003930721041641,0.1262875480486825,1082,0.0575772681954137,0.0660970092988188,000651,格力电器,2023,28297,8141,0.0002456700651025,0.6007558377646831,7.6664575227,26.53,67.2205205347,7.818773971881,18.40630460467,205018123834.21,634.882607223863,8.7954631839,25.42,26.046364221124346,0,1,0.0606805060803341,0.6007558377646831,0.1262875480486825,7.6664575227,8.7954631839,26.046364221124346,67.2205205347,7.818773971881
0.0572339860015947,0.0675112961814476,0.0102773101798529,0.1607643500470586,1656,0.0595002696386841,0.0568592057761732,000651,格力电器,2024,41634,11287,0.0039868875697705,0.5955685849960528,8.7954631839,25.42,61.5485043248,-7.306696573589,10.91477569002,190038071604.78,697.204555691935,7.6014235514,20.3,25.970490265901397,0,1,0.0572339860015947,0.5955685849960528,0.1607643500470586,8.7954631839,7.6014235514,25.970490265901397,61.5485043248,-7.306696573589
0.0452663538504002,0.0574109853712393,0.012144631520839,0.1281497413236084,1131,0.046875,0.0478110599078341,000708,中信特钢,2022,28047,7246,0.0041402152911951,0.4741466088018787,8.1028006221,20.96,59.8593926603,-0.252258590245,-8.644896926641,98344705612.72,321.173679978556,5.6908577706,15.54,25.31174454822999,0,1,0.0452663538504002,0.4741466088018787,0.1281497413236084,8.1028006221,5.6908577706,25.31174454822999,59.8593926603,-0.252258590245
0.0470621791215059,0.0590416428978893,0.0119794637763833,0.1259301029378995,1074,0.0502645502645502,0.0477764423076923,000708,中信特钢,2023,27067,7012,0.003565316600114,0.4710978644719466,5.6908577706,15.54,64.2642639908,15.937912953814,-19.480655976295,114018799187.96,327.232545706904,4.7096784186,13.05,25.45962917690309,0,1,0.0470621791215059,0.4710978644719466,0.1259301029378995,5.6908577706,4.7096784186,25.45962917690309,64.2642639908,15.937912953814
0.0458738469209673,0.0580902518075292,0.0122164048865619,0.1122423850126181,1141,0.0436893203883495,0.0511555440145416,000708,中信特钢,2024,29770,8022,0.0037397157816005,0.5316907365394182,4.7096784186,13.05,60.5304045403,-4.223740092299,-10.409766143695,109202941453.9,375.072289586645,5.4722841663,14.08,25.416473836285462,0,1,0.0458738469209673,0.5316907365394182,0.1122423850126181,4.7096784186,5.4722841663,25.416473836285462,60.5304045403,-4.223740092299
0.0545999684393246,0.0613855136499921,0.0067855452106675,0.129527851459089,1350,0.0551495016611295,0.0592300098716683,000725,京东方A,2022,26989,6337,0.000631213507969,0.5934260394892653,-0.399747539,5.45,51.9600560601,-19.282850399177,-70.950674692187,178413731179.0,878.54271891081,0.0880902987,1.89,25.90737102262255,0,0,0.0545999684393246,0.5934260394892653,0.129527851459089,-0.399747539,0.0880902987,25.90737102262255,51.9600560601,-19.282850399177
0.0674371500059573,0.0724413201477421,0.0050041701417848,0.1305814610480923,1724,0.0622290232083652,0.078269324258629,000725,京东方A,2023,34419,8393,0.0003574407244132,0.5100511274061964,0.0880902987,1.89,52.8137467933,-2.169275457906,-66.220761080275,174543445895.0,866.007274329659,0.9763172795,4.05,25.885439521210422,0,0,0.0674371500059573,0.5100511274061964,0.1305814610480923,0.0880902987,0.9763172795,25.885439521210422,52.8137467933,-2.169275457906
0.0876882196634189,0.0919692943607912,0.0042810746973723,0.140169280132777,1216,0.0886729426055268,0.0930375847196549,000725,京东方A,2024,27493,6774,0.0004428697962798,0.566745769270332,0.9763172795,4.05,52.4287134797,13.656863277662,108.96502645704,198380605661.0,770.487403903747,1.1605784251,4.39,26.01345327329418,1,0,0.0876882196634189,0.566745769270332,0.140169280132777,0.9763172795,1.1605784251,26.01345327329418,52.4287134797,13.656863277662
0.0422117995556652,0.0471488521352752,0.0049370525796099,0.1005448244187631,899,0.0515088449531737,0.0401114206128133,000858,五粮液,2022,18962,4051,0.0007405578869414,0.5782645999764509,19.3943209266,25.28,23.6401044479,11.71982783184,14.171616361045,73968640704.54,701.890593236214,19.8091323362,25.06,25.02690706606992,0,0,0.0422117995556652,0.5782645999764509,0.1005448244187631,19.3943209266,19.8091323362,25.02690706606992,23.6401044479,11.71982783184
0.065054945054945,0.0694505494505494,0.0043956043956043,0.14094636488864,862,0.0779753761969904,0.0579508576726935,000858,五粮液,2023,19479,4550,0.001098901098901,0.5074407544118205,19.8091323362,25.06,19.9981939276,12.577528157928,13.190722289818,83272067317.19,687.91475285834,18.7700590513,23.35,25.145379003560514,0,0,0.065054945054945,0.5074407544118205,0.14094636488864,19.8091323362,18.7700590513,25.145379003560514,19.9981939276,12.577528157928
0.0573581745865606,0.0638476030981787,0.0064894285116181,0.1313252175808722,906,0.0602409638554216,0.0599820948970456,000858,五粮液,2024,20401,4777,0.0012560184216035,0.5039486945955952,18.7700590513,23.35,27.5467802337,7.088944943596,5.437124934978,89175178322.7,713.913190503132,4.9266072644,6.89,25.213868567883228,0,0,0.0573581745865606,0.5039486945955952,0.1313252175808722,18.7700590513,4.9266072644,25.213868567883228,27.5467802337,7.088944943596
0.0467857800699944,0.0604162829250322,0.0136305028550377,0.099152155318163,697,0.0475825019186492,0.0489457831325301,000921,海信家电,2022,20114,5429,0.0022103518143304,0.6861478229731497,5.514350073,13.13,70.6025691993,9.698482617388,47.542208909319,74115151039.29,270.368405737048,7.8987744155,22.64,25.02888581581463,0,1,0.0467857800699944,0.6861478229731497,0.099152155318163,5.514350073,7.8987744155,25.02888581581463,70.6025691993,9.698482617388
0.0727489564698867,0.0806499701848539,0.0079010137149672,0.1413161216222676,876,0.0756067205973864,0.0735735735735735,000921,海信家电,2023,24450,6708,0.0029815146094215,0.6110895112241918,7.8987744155,22.64,70.5881882529,15.496208297115,97.727219548141,85600189224.06,255.116556607808,7.557997938,23.27,25.17295333065311,1,1,0.0727489564698867,0.6110895112241918,0.1413161216222676,7.8987744155,7.557997938,25.17295333065311,70.5881882529,15.496208297115
0.076061595893607,0.0839944003733084,0.0079328044797013,0.1392585102046587,1071,0.0819869785387026,0.0727951469902006,000921,海信家电,2024,29562,8572,0.0023331777881474,0.7084046405444338,7.557997938,23.27,72.203751055,8.347437021146,17.994393429012,92745611109.52,263.26548582772,6.7777830744,19.36,25.25312621774044,1,1,0.076061595893607,0.7110314401988593,0.1392585102046587,7.557997938,6.7777830744,25.25312621774044,72.203751055,8.347437021146
0.0328509406657018,0.0520984081041968,0.0192474674384949,0.1367763620171467,1046,0.0431718061674008,0.0254777070063694,002241,歌尔股份,2022,27292,6910,0.0085383502170767,0.4437604722358059,2.5891570934,6.17,60.838398987,34.099235242066,-59.080639471708,104894324162.26,237.406253293036,1.3500976295,3.59,25.376219243756697,0,1,0.0328509406657018,0.4437604722358059,0.1367763620171467,2.5891570934,1.3500976295,25.376219243756697,60.838398987,34.099235242066
0.0369660768623915,0.0574777414628648,0.0205116646004733,0.122140152169877,1289,0.0441843802245044,0.0329189686924493,002241,歌尔股份,2023,32847,8873,0.0081145046771103,0.4829214857740953,1.3500976295,3.59,57.2475194329,-6.025513715445,-37.795079590091,98573902273.14,275.755878175173,3.3061931314,8.46,25.314072380692124,0,1,0.0369660768623915,0.4829214857740953,0.122140152169877,1.3500976295,3.3061931314,25.314072380692124,57.2475194329,-6.025513715445
0.0550553125803961,0.0695909441728839,0.0145356315924877,0.137226321432879,1075,0.0520555258942872,0.0609947643979057,002241,歌尔股份,2024,28406,7774,0.0066889632107023,0.3805110041935934,3.3061931314,8.46,58.8327830499,2.414377262194,144.931699247405,100953848156.08,278.951356183146,4.424928506,11.29,25.33792930040498,0,1,0.0550553125803961,0.3805110041935934,0.137226321432879,3.3061931314,4.424928506,25.33792930040498,58.8327830499,2.414377262194
0.0612465538677766,0.0674090491377912,0.0061624952700145,0.1199557188966681,1772,0.0596384890139625,0.0636482939632546,002415,海康威视,2022,56119,18499,0.0024325639223741,0.6041072694701756,12.1543415093,19.62,38.7999915838,2.144764177817,-23.586962021348,83166321681.14,482.862378141652,11.7445295332,19.64,25.144108315338705,1,0,0.0612465538677766,0.6041072694701756,0.1199557188966681,12.1543415093,11.7445295332,25.144108315338705,38.7999915838,2.144764177817
0.0550528284717658,0.0626864162580253,0.0076335877862595,0.1172130926355502,1760,0.0559674961909598,0.0544479303714198,002415,海康威视,2023,56408,19781,0.0030837672514028,0.5948310068954337,11.7445295332,19.64,40.8290921884,7.424707266644,9.892904276468,89341177610.4,519.992387094616,9.7026709016,15.34,25.21572833400581,0,0,0.0550528284717658,0.5948310068954337,0.1172130926355502,11.7445295332,9.7026709016,25.21572833400581,40.8290921884,7.424707266644
0.0638065445156164,0.0713540890808878,0.0075475445652713,0.1253563508501283,1751,0.0647574057671489,0.0631038647342995,002415,海康威视,2024,56817,20139,0.0029792939073439,0.6027928451977232,9.7026709016,15.34,33.7200323561,3.530675990925,-15.100939804205,92495525118.3,527.132291903451,11.4295494421,17.3,25.25042610319512,0,0,0.0638065445156164,0.6027928451977232,0.1253563508501283,9.7026709016,11.4295494421,25.25042610319512,33.7200323561,3.530675990925
0.0334102366914466,0.0400751943945996,0.006664957703153,0.1525677155976221,2196,0.0370442203258339,0.0371195248700816,002460,赣锋锂业,2022,46965,11703,0.0012817226352217,0.4480934422939169,31.052228973193003,61.41,38.2688685982,145.92793948460633,292.157244331649,41822508877.5,508.792557983136,5.3556198084,10.84,24.456700521435813,0,0,0.0334102366914466,0.4480934422939169,0.1525677155976221,34.6154833847,5.3556198084,24.456700521435813,38.2688685982,274.679318093286
0.0276047158056167,0.0376689351097479,0.0100642193041311,0.1207981833585711,1971,0.0261972984036021,0.0325335502236681,002460,赣锋锂业,2023,42306,10433,0.0007667976612671,0.4626582530420549,5.3556198084,10.84,42.9475896135,-21.162835384803,-75.873420968269,32971680169.96,932.752162711275,-2.7323110799,-4.6,24.218914853300607,0,0,0.0276047158056167,0.4626582530420549,0.1207981833585711,5.3556198084,-2.7323110799,24.218914853300607,42.9475896135,-21.162835384803
0.0310411726665229,0.0423941941510382,0.0113530214845153,0.1267225530188619,2602,0.0322628605411834,0.0330667486927099,002460,赣锋锂业,2024,54552,13917,0.0033771646188115,0.478000338994422,-2.7323110799,-4.6,52.8049068677,-37.7912308674526,-141.926283809413,18906402940.11,1832.9999589955,1.1794527532,3.8,23.662766481539055,0,0,0.0310411726665229,0.478000338994422,0.1267225530188619,-2.7323110799,1.1794527532,23.662766481539055,52.8049068677,-42.658660879116
0.0347394540942928,0.0563826854149434,0.0216432313206506,0.1503082491155399,1450,0.0296744454047824,0.0424743443557582,002475,立讯精密,2022,27968,7254,0.0060656189688447,0.5840073570866514,7.8010235907,23.0,60.3840418828,39.028138655936,29.595904524153,214028394291.44,226.195011479408,7.8892676161,21.61,26.089374526771433,0,1,0.0347394540942928,0.5840073570866514,0.1503082491155399,7.8010235907,7.8892676161,26.089374526771433,60.3840418828,39.028138655936
0.0380735437683045,0.0539104024297646,0.01583685866146,0.1334088973511821,1945,0.0466130884041331,0.0325060399736437,002475,立讯精密,2023,36306,9219,0.0047727519253715,0.487121812113248,7.8892676161,21.61,56.6121650367,8.352660682043,19.529972449348,231905459829.83,240.907460314411,7.5574390947,21.34,26.169595624828244,0,0,0.0380735437683045,0.487121812113248,0.1334088973511821,7.8892676161,7.5574390947,26.169595624828244,56.6121650367,8.352660682043
0.0457624567213608,0.0601384916453409,0.0143760349239801,0.1486856765936796,3019,0.0473749611680646,0.0474326862867877,002475,立讯精密,2024,49375,13286,0.0036880927291886,0.5496300645960162,7.5574390947,21.34,62.1641243954,15.907032896,22.031132624874,268794737612.58,258.366453681486,6.8519709685,21.1,26.317213868069615,0,1,0.0457624567213608,0.5496300645960162,0.1486856765936796,7.5574390947,6.8519709685,26.317213868069615,62.1641243954,15.907032896
0.0471464019851116,0.0563167547739777,0.0091703527888661,0.1150949123620724,1895,0.0511401372592428,0.045575221238938,002594,比亚迪,2022,38298,9269,0.0036681411155464,0.5808527947510219,4.486370045,16.14,75.4202247166,96.195029207482,445.859500300146,424060635000.0,335.176932280087,5.342397795,24.4,26.773142289029302,0,1,0.0471464019851116,0.5808527947510219,0.1150949123620724,4.486370045,5.342397795,26.773142289029302,75.4202247166,96.195029207482
0.0683923359979698,0.0751173708920187,0.0067250348940489,0.1472824389743983,1537,0.0623207301173402,0.0775394158697337,002594,比亚迪,2023,30831,7881,0.00114198705748,0.4973120063735455,5.342397795,24.4,77.75566033878799,42.035195980877,80.724349385843,602315354000.0,350.669288898692,5.6856708989,26.05,27.12404698895076,1,1,0.0683923359979698,0.4973120063735455,0.1472824389743983,5.342397795,5.6856708989,27.12404698895076,77.8584903396,42.035195980877
0.0683494698017519,0.0729598893499308,0.0046104195481788,0.1493555717261022,1786,0.071260028315243,0.0685512367491166,002594,比亚迪,2024,34503,8676,0.0008068234209313,0.5221644430745734,5.6856708989,26.05,74.6362770213,29.019200629576,33.998865743005,777102455000.0,338.851888583932,4.0502725481,15.31,27.37883803833819,0,1,0.0683494698017519,0.5221644430745734,0.1493555717261022,5.6856708989,4.0502725481,27.37883803833819,74.6362770213,29.019200629576
0.0235769619400471,0.0387335803300774,0.0151566183900303,0.1130822932013465,1678,0.0254897333018645,0.0233784093513637,002714,牧原股份,2022,36038,8907,0.0074099023240148,0.4786282685970376,8.0674561007,21.01,54.3552905128,58.228440839786,92.15793300987,124826212177.74,533.849466510202,-2.1464378731,-6.38,25.550188304303276,0,0,0.0235769619400471,0.4786282685970376,0.1130822932013465,8.0674561007,-2.1464378731,25.550188304303276,54.3552905128,58.228440839786
0.0274446245272825,0.0427876823338735,0.015343057806591,0.1170293384706962,1546,0.0309346204475647,0.0255021439855563,002714,牧原股份,2023,35702,9255,0.0073473797947055,0.4853958210370087,-2.1464378731,-6.38,62.1110899927,-11.18794219555,-132.136518337683,110860727714.4,630.551424904348,9.8811554446,25.1,25.431540545181363,0,1,0.0274446245272825,0.4853958210370087,0.1170293384706962,-2.1464378731,9.8811554446,25.431540545181363,62.1110899927,-11.18794219555
0.034041653451739,0.0482080558198541,0.014166402368115,0.1262119407556969,1585,0.0322061191626409,0.0400528169014084,002714,牧原股份,2024,36455,9459,0.0065546040807696,0.4987568327403556,9.8811554446,25.1,58.6801191432,24.432605595238,519.424880483707,137946892076.87,499.827063545147,8.7992575638,20.57,25.650134608011008,0,1,0.034041653451739,0.4987568327403556,0.1262119407556969,9.8811554446,8.7992575638,25.650134608011008,58.6801191432,24.432605595238
0.0309338295150598,0.0502383998139318,0.0193045702988719,0.17358044255114558,1328,0.0344119157678479,0.0341261633919338,300750,宁德时代,2022,33231,8599,0.0046517036864751,0.4741061748921578,7.3643927024,24.67,70.561865439,145.92793948460633,92.885257157539,328593987500.0,497.731134852189,7.0951081937,24.04,26.518088745060208,0,1,0.0309338295150598,0.4741061748921578,0.1748789067272164,7.3643927024,7.0951081937,26.518088745060208,70.561865439,152.074703676161
0.0298092711885815,0.0445875963117342,0.0147783251231527,0.1421735345487976,1324,0.0321613518669937,0.0337046558126249,300750,宁德时代,2023,31860,7917,0.0059365921434886,0.4620952386079839,7.0951081937,24.04,69.340079531,22.009854182131,43.581025236824,400917045000.0,591.797414654274,7.182584702,24.13,26.717020372528175,0,1,0.0298092711885815,0.4620952386079839,0.1421735345487976,7.0951081937,7.182584702,26.717020372528175,69.340079531,22.009854182131
0.0364615962911915,0.0537526625736123,0.0172910662824207,0.1548122613518135,1342,0.0404040404040404,0.0367987647967061,300750,宁德时代,2024,30498,7981,0.0056383911790502,0.4936219148042757,7.182584702,24.13,65.2382444159,-9.703875523676,15.011891776044,362012554000.0,747.732935030165,8.7183575136,24.91,26.614944727728872,0,1,0.0364615962911915,0.4936219148042757,0.1548122613518135,7.182584702,8.7183575136,26.614944727728872,65.2382444159,-9.703875523676
0.0576456310679611,0.0638790820829655,0.0062334510150044,0.1085715826003384,2148,0.0580268663290024,0.058293945532298,300760,迈瑞医疗,2022,57964,18128,0.0009377758164165,0.5340422067385037,22.653892579,33.38,31.5457266935,20.166788795206,20.066359197994,30365643811.0,502.959425424529,24.456638479,33.64,24.136577668475265,0,0,0.0576456310679611,0.5340422067385037,0.1085715826003384,22.653892579,24.456638479,24.136577668475265,31.5457266935,20.166788795206
0.0614327253502511,0.0658207771609833,0.0043880518107322,0.113777129344662,1908,0.062811142887406,0.0605190385024462,300760,迈瑞医疗,2023,58485,18915,0.0005815490351572,0.5375904044931225,24.456638479,33.64,30.4421409369,15.037577011115,20.558095145101,34931900884.0,487.901967694257,22.4508860975,32.58,24.276666314095497,0,0,0.0614327253502511,0.5375904044931225,0.113777129344662,24.456638479,22.4508860975,24.276666314095497,30.4421409369,15.037577011115
0.0579368817710786,0.0652117025174019,0.0072748207463233,0.1059322946709618,1784,0.0544726583078706,0.0615994988515347,300760,迈瑞医疗,2024,58621,19107,0.0012560841576385,0.5445960805069342,22.4508860975,32.58,28.0444444974,5.135273542533,0.744771155104,36725749548.0,512.584192518781,14.5827773167,21.58,24.326743968546204,0,0,0.0579368817710786,0.5445960805069342,0.1059322946709618,22.4508860975,14.5827773167,24.326743968546204,28.0444444974,5.135273542533
0.0242522802799971,0.0345754083292087,0.0103231280492116,0.1085422845245851,2298,0.0288751616147105,0.0209038716325629,600028,中国石化,2022,55546,14143,0.0017676589125362,0.4027674528905394,3.9899218202,8.57,51.7991452093,21.061963950317,-5.794292776093,3318168000000.0,208.328113585524,3.5218506736,7.59,28.79316403565426,0,0,0.0242522802799971,0.4027674528905394,0.1085422845245851,3.9899218202,3.5218506736,28.83043393932639,51.7991452093,21.061963950317
0.0299805230940456,0.0388146911519198,0.0088341680578742,0.1167112835919048,2347,0.0300687285223367,0.0316755052314748,600028,中国石化,2023,55714,14376,0.0018085698386199,0.405136428550458,3.5218506736,7.59,52.6981152371,-3.193117406955,-9.867028412987,3212215000000.0,222.900117208774,2.7993564306,6.19,28.79316403565426,0,0,0.0299805230940456,0.405136428550458,0.1167112835919048,3.5218506736,2.7993564306,28.797981846261084,52.6981152371,-3.193117406955
0.0274085806762619,0.0368431926175883,0.0094346119413263,0.1144430137460042,2282,0.0320011584129742,0.0251599147121535,600028,中国石化,2024,55760,14521,0.0017216445148405,0.3961742318628201,2.7993564306,6.19,53.1702522723,-4.285298462276,-16.787126010949,3074562000000.0,240.704236896226,1.662583707,3.86,28.754183568017236,0,0,0.0274085806762619,0.3961742318628201,0.1144430137460042,2.7993564306,1.662583707,28.754183568017236,53.1702522723,-4.285298462276
0.0344082925424704,0.0538439389576734,0.0194356464152029,0.1612610557937582,1183,0.0343465045592705,0.0354629890233605,600031,三一重工,2022,24665,6946,0.0047509357903829,0.4596824459435893,2.9731083517,6.67,58.4110831476,-24.360472729069,-64.345913578281,80838530000.0,662.382259301172,2.9704895617,6.85,25.115719545249206,0,1,0.0344082925424704,0.4596824459435893,0.1612610557937582,2.9731083517,2.9704895617,25.115719545249206,58.4110831476,-24.360472729069
0.0332365279122297,0.0517909002904162,0.0185543723781865,0.1310997615235814,1055,0.0379037574159525,0.0297482837528604,600031,三一重工,2023,22027,6198,0.0070990642142626,0.4671272925095068,2.9704895617,6.85,54.2589305457,-8.436068790464,5.525493510374,74018936000.0,754.164243052997,4.0168580398,8.52,25.027586789307726,0,0,0.0332365279122297,0.4671272925095068,0.1310997615235814,2.9704895617,4.0168580398,25.027586789307726,54.2589305457,-8.436068790464
0.0401270690519979,0.0556763083096472,0.0155492392576492,0.1336414409112879,1041,0.0360054347826086,0.0458119658119658,600031,三一重工,2024,21338,5981,0.0070222370840996,0.3997571543313605,4.0168580398,8.52,52.0184284372,5.896387108293,31.543488819647,78383379000.0,696.610926916508,5.2160398672,11.18,25.084877739276035,0,0,0.0401270690519979,0.3997571543313605,0.1336414409112879,4.0168580398,5.2160398672,25.084877739276035,52.0184284372,5.896387108293
0.0161418364646731,0.0301667107700449,0.0140248743053717,0.1402234717034461,1900,0.0218078381795195,0.0167403663929248,600048,保利发展,2022,59736,7558,0.0017200317544323,0.3891644320257469,1.879816178,9.16,77.75566033878799,-1.373871850356,-33.108400765557,281108238286.28,1838.54976275209,1.2309209834,6.13,26.362005621744565,0,1,0.0161418364646731,0.3891644320257469,0.1402234717034461,1.879816178,1.2309209834,26.362005621744565,78.1052461464,-1.373871850356
0.0277538107563991,0.039257981018119,0.0115041702617198,0.1312103171486813,1478,0.0330760749724366,0.0338037413849688,600048,保利发展,2023,57921,6954,0.0011504170261719,0.3995391077804295,1.2309209834,6.13,76.545070721,23.402121864808,-34.131822513792,346893530782.05,1509.07298955004,0.702584311,2.53,26.57228374209458,0,1,0.0277538107563991,0.3995391077804295,0.1312103171486813,1.2309209834,0.702584311,26.57228374209458,76.545070721,23.402121864808
0.0282636248415716,0.0423320659062103,0.0140684410646387,0.1338944479246467,2204,0.0236576289207868,0.0348776678813118,600048,保利发展,2024,58356,7890,0.0011406844106463,0.3217821800811997,0.702584311,2.53,74.3444108529,-10.155049828543,-58.555412487992,311666319879.14,1600.95439654721,0.3979481153,0.54,26.465198964879118,0,1,0.0282636248415716,0.2979818150638792,0.1338944479246467,0.702584311,0.3979481153,26.465198964879118,74.3444108529,-10.155049828543
0.0493273542600896,0.0612387892376681,0.0119114349775784,0.1214582854451325,1208,0.052824427480916,0.048960612691466,600085,同仁堂,2022,24771,7136,0.0037836322869955,0.5993094665544371,8.4565717479,12.72,31.7527332114,5.268214176557,16.291877220661,15372423363.17,610.369121871233,9.0411749765,13.42,23.455841050459583,0,0,0.0493273542600896,0.5993094665544371,0.1214582854451325,8.4565717479,9.0411749765,23.455841050459583,31.7527332114,5.268214176557
0.0677466863033873,0.0776877761413843,0.009941089837997,0.1497863623582031,330,0.0719051148999258,0.0645879732739421,600085,同仁堂,2023,8364,2716,0.0033136966126656,0.5431410242917065,9.0411749765,13.42,32.6770477268,16.187871190967,16.919618350422,17860891456.13,575.886329005895,7.441507899,11.49,23.605879324706233,0,0,0.0677466863033873,0.5431410242917065,0.1497863623582031,9.0411749765,7.441507899,23.605879324706233,32.6770477268,16.187871190967
0.056310425921087,0.0713352495427227,0.0150248236216357,0.1491761017818099,1220,0.0532915360501567,0.0635085892764185,600085,同仁堂,2024,26890,7654,0.0036582179252678,0.5133764472805257,7.441507899,11.49,33.0042957301,4.122919343689,-8.542463786994,18597281604.93,593.186444522979,5.2837786527,8.86,23.646281256711994,0,0,0.056310425921087,0.5133764472805257,0.1491761017818099,7.441507899,5.2837786527,23.646281256711994,33.0042957301,4.122919343689
0.0563162970106075,0.0682738669238187,0.0119575699132111,0.1344851855882821,865,0.0557753164556962,0.0596366508688783,600104,上汽集团,2022,21768,5185,0.0038572806171648,0.4207869538436984,2.3956258584,5.84,66.0339632508,-4.588458863771,-34.302835755631,744062883284.04,461.339251746336,2.0093013235,4.98,27.335391388750907,0,1,0.0563162970106075,0.4207869538436984,0.1344851855882821,2.3956258584,2.0093013235,27.335391388750907,66.0339632508,-4.588458863771
0.0493302842208428,0.058967657628226,0.0096373734073832,0.1173695373638721,1025,0.0461799660441426,0.0549123387363546,600104,上汽集团,2023,25130,6122,0.0040836327997386,0.4579014335266718,2.0093013235,4.98,65.9358130892,0.086316580572,-12.479468349963,744705132922.2,482.629114370747,0.5940869798,0.58,27.33625418224326,0,1,0.0493302842208428,0.4579014335266718,0.1173695373638721,2.0093013235,0.5940869798,27.33625418224326,65.9358130892,0.086316580572
0.0288696786821073,0.0481161311368455,0.0192464524547382,0.1200624930506159,1030,0.0245874031660491,0.03485254691689,600104,上汽集团,2024,25933,6131,0.0058717990539879,0.5102869296710033,0.5940869798,0.58,63.7739783916,-15.726383662075,-88.186890312288,627589946567.69,563.238572071214,1.8195859748,3.43,27.16515283882372,0,1,0.0288696786821073,0.5102869296710033,0.1200624930506159,0.5940869798,1.8195859748,27.16515283882372,63.7739783916,-15.726383662075
0.0380743982494529,0.0555798687089715,0.0175054704595186,0.1278415827343786,1029,0.0353611027869343,0.043020457280385,600150,中国船舶,2022,27000,6855,0.0030634573304157,0.410218683934727,0.5407327656,0.38,69.0769457545,-0.427171348629,-19.336503695673,59485232361.36,977.459130679546,1.7357183196,0.03,24.808993923084973,0,1,0.0380743982494529,0.410218683934727,0.1278415827343786,0.5407327656,1.7357183196,24.808993923084973,69.0769457545,-0.427171348629
0.0329701033808326,0.0536462699077954,0.0206761665269628,0.1297405042289681,1114,0.0393885949441505,0.0289690428855438,600150,中国船舶,2023,27248,7158,0.0088013411567476,0.4345068045699619,1.7357183196,0.03,70.4932299693,25.810224537751,1614.72775553577,74838504400.63,818.853480000046,1.770563045,4.65,25.038598354195244,0,1,0.0329701033808326,0.4345068045699619,0.1297405042289681,1.7357183196,1.770563045,25.038598354195244,70.4932299693,25.810224537751
0.0433546552949538,0.0606965174129353,0.0173418621179815,0.1400383003949781,1064,0.0444829578278451,0.0442685429492817,600150,中国船舶,2024,26553,7035,0.0076759061833688,0.4078664395895004,1.770563045,4.65,65.4308183383,78.184797217377,42.678381265028,133350837306.78,784.883243185606,2.5512720424,7.36,25.616249366570695,0,1,0.0433546552949538,0.4078664395895004,0.1400383003949781,1.770563045,2.5512720424,25.616249366570695,65.4308183383,78.184797217377
0.0367520780380572,0.0455450985780037,0.0087930205399464,0.1100920471163114,2350,0.0368150684931506,0.0383178862913266,600276,恒瑞医药,2022,49688,14557,0.0026104279727965,0.6275760251698236,9.3465879897,10.89,9.3412449447,-17.87362135442,-13.770695913826,21275270681.52,690.692860628087,9.9304781122,10.99,23.780811234310576,0,0,0.0367520780380572,0.6275760251698236,0.1100920471163114,9.3465879897,9.9304781122,23.780811234310576,9.3412449447,-17.87362135442
0.0396374622356495,0.0463444108761329,0.0067069486404833,0.1017207052442689,2621,0.0432932932932932,0.0376350613087289,600276,恒瑞医药,2023,56412,16550,0.0016918429003021,0.4888490674768311,9.9304781122,10.99,8.208857033002,7.259668198401,10.138833467357,22819784741.31,679.584362073567,13.4944301444,14.73,23.850893748439706,0,0,0.0396374622356495,0.4888490674768311,0.1017207052442689,9.9304781122,13.4944301444,23.850893748439706,6.2840041052,7.259668198401
0.0333115183246073,0.0404450261780104,0.0071335078534031,0.08908623484377058,2883,0.0350035285815102,0.0363307349665924,600276,恒瑞医药,2024,56773,15280,0.0015052356020942,0.5945054703632786,13.4944301444,14.73,8.208857033002,22.63308203517,47.277661254478,27984605342.06,604.104547573445,12.8613530474,14.26,24.054920386708964,0,0,0.0333115183246073,0.5945054703632786,0.0878421323132277,13.4944301444,12.8613530474,24.054920386708964,8.0688989765,22.63308203517
0.0566462167689161,0.0719836400817996,0.0153374233128834,0.1546219617142191,803,0.0593645484949832,0.0569620253164556,600309,万华化学,2022,18974,4890,0.0030674846625766,0.5663266663007664,8.7136830781,22.75,59.5022444788,13.76114268544,-34.140160209112,165565484373.69,425.254701318159,8.0636558057,20.42,25.83263262947839,0,1,0.0566462167689161,0.5663266663007664,0.1546219617142191,8.7136830781,8.0636558057,25.83263262947839,59.5022444788,13.76114268544
0.0610638967579477,0.074283915643689,0.0132200188857412,0.1464434729702052,1104,0.0591085271317829,0.0660863958736299,600309,万华化学,2023,24830,6354,0.0031476235442241,0.5451099433044341,8.0636558057,20.42,62.6722771735,5.916360726829,3.585948753026,175360935668.36,465.890797390617,5.4143574803,14.29,25.890112176391874,0,1,0.0610638967579477,0.5451099433044341,0.1464434729702052,8.0636558057,5.4143574803,25.890112176391874,62.6722771735,5.916360726829
0.0656326296136722,0.0799942553497055,0.0143616257360333,0.1509890736372594,1146,0.0706441080439299,0.063922942206655,600309,万华化学,2024,26647,6963,0.0028723251472066,0.5389394167854514,5.4143574803,14.29,64.715859974,3.825357949313,-22.494909097317,182069119160.94,540.164492251044,4.5558886425,12.44,25.927652227536264,0,1,0.0656326296136722,0.5389394167854514,0.1509890736372594,5.4143574803,4.5558886425,25.927652227536264,64.715859974,3.825357949313
0.09792188786822927,0.1076363636363636,0.0094545454545454,0.1474888615712583,177,0.0953716690042075,0.1024464831804281,600519,贵州茅台,2022,4165,1375,0.008,0.5391967868280568,25.6543118107,30.26,19.4744927128,16.525647480079,19.55260248241,127553959355.97,719.228350803048,29.287388955767003,34.19,25.57180532265159,1,0,0.0981818181818181,0.5391967868280568,0.1474888615712583,25.6543118107,29.4087271574,25.57180532265159,19.4744927128,16.525647480079
0.09792188786822927,0.1119109947643979,0.0098167539267015,0.144478581023178,209,0.0988142292490118,0.1071428571428571,600519,贵州茅台,2023,4809,1528,0.0091623036649214,0.5343066558701207,29.4087271574,34.19,17.9843241392,18.036579245867,19.159899289166,150560330316.45,630.286127258431,29.287388955767003,36.02,25.73762970670011,1,0,0.1020942408376963,0.5343066558701207,0.144478581023178,29.4087271574,31.2553584111,25.73762970670011,17.9843241392,18.036579245867
0.0958188153310104,0.1033681765389082,0.0075493612078977,0.17358044255114558,226,0.0781049935979513,0.1129207383279044,600519,贵州茅台,2024,5501,1722,0.0052264808362369,0.5167786273116752,31.052228973193003,36.02,19.0447556579,15.663979743025,15.379966101626,174144069958.25,590.866879512984,28.3056525971,32.53,25.883148781833555,1,0,0.0958188153310104,0.5167786273116752,0.2104723155032267,31.2553584111,28.3056525971,25.883148781833555,19.0447556579,15.663979743025
0.0201863354037267,0.032919254658385,0.0127329192546583,0.1240504339386436,531,0.0232558139534883,0.0181936322287199,600584,长电科技,2022,13016,3220,0.0003105590062111,0.4881007283351622,8.446326819,14.19,37.4672631036,10.68640070878,9.202505132482,33762028449.0,407.888499152608,3.586522434,5.81,24.242602589258983,0,0,0.0201863354037267,0.4881007283351622,0.1240504339386436,8.446326819,3.586522434,24.242602589258983,37.4672631036,10.68640070878
0.0251500428693912,0.0397256358959702,0.014575593026579,0.1265743025934989,566,0.0312117503059975,0.0205669816564758,600584,长电科技,2023,13530,3499,0.0005715918833952,0.5023665018369424,3.586522434,5.81,38.5826710806,-12.146982145474,-54.481246033866,29660960881.35,497.546141625772,3.3361790818,6.0,24.11309756967055,0,0,0.0251500428693912,0.5023665018369424,0.1265743025934989,3.586522434,3.3361790818,24.11309756967055,38.5826710806,-12.146982145474
0.0414507772020725,0.0507226615762203,0.0092718843741478,0.1192231081478242,544,0.0494296577946768,0.0353623188405797,600584,长电科技,2024,13926,3667,0.0008181074447777,0.4071409843833973,3.3361790818,6.0,45.3519445566,21.242464235883,9.442395651352,35961679888.59,483.711386203191,2.8658340969,5.56,24.30571976093673,0,0,0.0414507772020725,0.4071409843833973,0.1192231081478242,3.3361790818,2.8658340969,24.30571976093673,45.3519445566,21.242464235883
0.006336499207023944,0.0160456529036589,0.0104061765693185,0.1065855315042785,2389,0.0075906662918189,0.0040711086986022,600585,海螺水泥,2022,58888,14895,0.0012755958375293,0.3217821800811997,6.8024508221,8.51,19.6669936648,-21.396883061782,-52.924858131703,132021553710.0,646.983589213789,4.3825409258,5.64,25.606231031884946,0,0,0.0056394763343403,0.3157251351612639,0.1065855315042785,6.8024508221,4.3825409258,25.606231031884946,19.6669936648,-21.396883061782
0.0539083557951482,0.0697133055623621,0.0158049497672139,0.1558648664092811,1158,0.0547399850709131,0.0562228469205213,600690,海尔智家,2022,29085,8162,0.0039206076941926,0.6871514433404445,6.4938940534,16.8,59.8545854825,7.253494202764,12.487454403964,243578924958.47,335.318878140873,6.8754692563,17.24,26.21870685409071,0,1,0.0539083557951482,0.6871514433404445,0.1558648664092811,6.4938940534,6.8754692563,26.21870685409071,59.8545854825,7.253494202764
0.05935844908564,0.0775457179974018,0.0181872689117617,0.1580036922211083,1364,0.0611423974255832,0.0591474607383234,600690,海尔智家,2023,34144,10007,0.0076946137703607,0.537355312056028,6.8754692563,17.24,58.8113174499,12.573171465767,12.809633412586,274204520847.97,326.308956602288,7.0914807184,17.61,26.337140091349248,0,1,0.05935844908564,0.537355312056028,0.1580036922211083,6.8754692563,7.0914807184,26.337140091349248,58.8113174499,12.573171465767
0.0664123326066645,0.0826066645904702,0.0161943319838056,0.1492662816201226,1675,0.0753403465346534,0.0588519054510371,600690,海尔智家,2024,42954,12844,0.0075521644347555,0.5702072768795804,7.0914807184,17.61,59.1376455248,4.30728641965,12.860641892343,286015294936.52,347.27068613515,6.8753668203,16.98,26.379311125135345,0,1,0.0664123326066645,0.5702072768795804,0.1492662816201226,7.0914807184,6.8753668203,26.379311125135345,59.1376455248,4.30728641965
0.0463099088503381,0.0610114672155248,0.0147015583651867,0.1267345267798585,1061,0.0518450747179018,0.0436746987951807,600887,伊利股份,2022,28517,6802,0.0036753895912966,0.4978344148120679,8.0009446548,19.23,58.6584368156,11.371054560971,8.341834092104,123171044056.27,340.396364314168,7.278720386,20.2,25.536839828410685,0,1,0.0463099088503381,0.4978344148120679,0.1267345267798585,8.0009446548,7.278720386,25.536839828410685,58.6584368156,11.371054560971
0.0521296884933248,0.0665924984106802,0.0144628099173553,0.1305397222903955,982,0.0531845042678923,0.0533762057877813,600887,伊利股份,2023,25339,6292,0.0068340750158931,0.4974812910076167,7.278720386,20.2,62.1947883363,2.442468972428,10.57649175388,126179458590.36,403.119497108022,5.5438256904,15.81,25.56097100510764,0,1,0.0521296884933248,0.4974812910076167,0.1305397222903955,7.278720386,5.5438256904,25.56097100510764,62.1947883363,2.442468972428
0.006336499207023944,0.0055710306406685,0.0366759517177344,0.1148528669491556,577,-0.0389380530973451,-0.025219298245614,600887,伊利股份,2024,12890,2154,0.0,0.370789179887953,5.5438256904,15.81,62.9141354817,-8.242152928254,-18.944937431352,115779554649.3,474.702864006821,7.5299468668,20.87,25.474953829064564,0,1,-0.0311049210770659,0.370789179887953,0.1148528669491556,5.5438256904,7.5299468668,25.474953829064564,62.9141354817,-8.242152928254
0.0298749421028253,0.0393700787401574,0.009495136637332,0.1025828528692578,687,0.0257406508013598,0.0359508041627246,600900,长江电力,2022,16589,4318,0.001389532190829,0.4670942647408104,5.5350493465,9.32,55.7410615696,23.751597788344,-9.694677759053,68863128424.25,2370.83381086377,4.8580257818,13.52,24.95538672548687,0,0,0.0298749421028253,0.4670942647408104,0.1025828528692578,5.5350493465,4.8580257818,24.95538672548687,55.7410615696,23.751597788344
0.0393511082557018,0.0496305814327015,0.0102794731769996,0.1214175679937962,1052,0.0435215946843853,0.0374753451676528,600900,长江电力,2023,22976,6226,0.0051397365884998,0.4012935809548846,4.8580257818,13.52,62.9034409926,13.476598470339,14.830621757183,78143535736.1,2652.1789302293,5.7796412253,15.71,25.081813174283965,0,1,0.0393511082557018,0.4012935809548846,0.1214175679937962,4.8580257818,5.7796412253,25.081813174283965,62.9034409926,13.476598470339
0.0422071989767951,0.0518911017723369,0.0096839027955417,0.1268984887533303,956,0.0457719162141194,0.0415135929463629,600900,长江电力,2024,20353,5473,0.0052987392654851,0.4232920626657205,5.7796412253,15.71,60.8030492936,8.123941117611,19.275572965433,84491870566.52,2427.62195176173,6.2088245934,15.9,25.159921160368043,0,1,0.0422071989767951,0.4232920626657205,0.1268984887533303,5.7796412253,6.2088245934,25.159921160368043,60.8030492936,8.123941117611
0.0376990575235619,0.0541111472213194,0.0164120896977575,0.1630746869447543,1032,0.0445134575569358,0.0340833884844473,601012,隆基绿能,2022,24248,6154,0.0053623659408514,0.4173034184227841,12.4428359377,26.95,55.3910378028,60.031665088615,63.01751686233,128998111551.18,331.107831777738,7.0417032216,16.24,25.58306360206279,0,0,0.0376990575235619,0.4173034184227841,0.1630746869447543,12.4428359377,7.0417032216,25.58306360206279,55.3910378028,60.031665088615
0.0478409443926685,0.0661696178937558,0.0183286735010872,0.1147738626177087,996,0.0423648435030034,0.0567329638082817,601012,隆基绿能,2023,24250,6438,0.0052811432121776,0.4405530038903155,7.0417032216,16.24,56.8748190242,0.38726353046,-27.412012217812,129497674192.2,421.895322390981,-5.328174319616,-13.07,25.58692875801893,0,0,0.0478409443926685,0.4405530038903155,0.1147738626177087,7.0417032216,-5.461955087,25.58692875801893,56.8748190242,0.38726353046
0.0468523587184028,0.066816937691193,0.0199645789727902,0.1178050970589817,979,0.0456514495168277,0.0506245890861275,601012,隆基绿能,2024,23079,6211,0.0033810980518435,0.4937970646770188,-3.406594548472,-13.07,59.8293028923,-36.22875960216,-179.915936313407,82582273118.72,690.534418438089,-4.2457662926,-11.15,25.137060883287564,0,1,0.0468523587184028,0.4937970646770188,0.1178050970589817,-5.461955087,-4.2457662926,25.137060883287564,59.8293028923,-36.22875960216
0.0236911377595788,0.040070195963732,0.0163790582041532,0.1122305275910527,605,0.0188106796116504,0.0309597523219814,601100,恒立液压,2022,14117,3419,0.0026323486399532,0.4677551453129744,16.4640577773,22.6,21.7463330313,-11.950565498145,-13.02635116668,8196713892.3,626.587871155401,14.6861871818,18.69,22.923632861512974,0,0,0.0236911377595788,0.4677551453129744,0.1122305275910527,16.4640577773,14.6861871818,22.826999166055483,21.7463330313,-11.950565498145
0.0316144078776885,0.0466442083441306,0.015029800466442,0.1123658883635126,625,0.0348152115693626,0.0308775731310942,601100,恒立液压,2023,14962,3859,0.0051826898160145,0.5034851372419333,14.6861871818,18.69,19.2927984914,9.612712248749,6.659213388178,8984640412.62,683.098568602235,13.3871493626,16.81,22.923632861512974,0,0,0.0316144078776885,0.5034851372419333,0.1123658883635126,14.6861871818,13.3871493626,22.91878233552632,19.2927984914,9.612712248749
0.0382864792503346,0.051673360107095,0.0133868808567603,0.13031449205993,608,0.0505772402418911,0.0288951841359773,601100,恒立液压,2024,14019,3735,0.0050870147255689,0.3798996938901517,13.3871493626,16.81,19.4019008611,4.508235485764,0.399309773735,9389689159.97,719.529507226114,13.2642587251,16.63,22.962878026314076,0,0,0.0382864792503346,0.3798996938901517,0.13031449205993,13.3871493626,13.2642587251,22.962878026314076,19.4019008611,4.508235485764
0.0548465351756143,0.0668705832718067,0.0120240480961923,0.1238451227458803,1399,0.0559757942511346,0.0566529194703711,601668,中国建筑,2022,35314,9481,0.0034806455015293,0.5068819830227338,2.7420236101,13.94,74.3531206561,8.577440799958,-1.160604320088,2055052070000.0,442.16910291735,2.6471102981,13.36,28.351322301755253,0,1,0.0548465351756143,0.5068819830227338,0.1238451227458803,2.7420236101,2.6471102981,28.351322301755253,74.3531206561,8.577440799958
0.0119760479041916,0.019294743845642,0.0073186959414504,0.08908623484377058,376,0.0149659863945578,0.0097222222222222,601668,中国建筑,2023,6838,1503,0.0026613439787092,0.3903827837063068,2.6471102981,13.36,74.8195350597,10.241938735888,6.504126442747,2265529244000.0,441.451219907296,2.0595918437,10.36,28.44882950937903,0,1,0.0119760479041916,0.3903827837063068,0.0413432920093822,2.6471102981,2.0595918437,28.44882950937903,74.8195350597,10.241938735888
0.0604589585172109,0.0666372462488967,0.0061782877316857,0.1122053699689971,318,0.0576208178438661,0.0637213254035684,601668,中国建筑,2024,6870,2266,0.0004413062665489,0.557355005670154,2.0595918437,10.36,75.7982420702,-3.451509540523,-14.872573474952,2187334286000.0,501.412812014757,1.5867862731,8.15,28.4137046973372,0,1,0.0604589585172109,0.557355005670154,0.1122053699689971,2.0595918437,1.5867862731,28.4137046973372,75.7982420702,-3.451509540523
0.0483165719282903,0.0653694796676869,0.0170529077393965,0.1557684234763743,727,0.0472508591065292,0.0516519311307584,601888,中国中免,2022,17261,4574,0.004591167468299,0.5393001019734657,9.4202880454,13.95,28.6930307837,-19.5678801818,-47.891888495646,54432851387.25,434.455282558887,9.3892655669,13.12,24.720233694337693,0,0,0.0483165719282903,0.5393001019734657,0.1557684234763743,9.4202880454,9.3892655669,24.720233694337693,28.6930307837,-19.5678801818
0.0795218295218295,0.0816008316008316,0.002079002079002,0.1439996094447821,241,0.07465825446898,0.0848861283643892,601888,中国中免,2023,6585,1924,0.0005197505197505,0.5275581850456323,9.3892655669,13.12,24.9624943408,24.079674001352,33.462772522427,67540104550.94,412.493613957214,6.2689321196,7.88,24.935987399888123,1,0,0.0795218295218295,0.5275581850456323,0.1439996094447821,9.3892655669,6.2689321196,24.935987399888123,24.9624943408,24.079674001352
0.0495570983959779,0.0610485994733062,0.0114915010773282,0.1335791328061892,682,0.057384760112888,0.0432569974554707,601888,中国中免,2024,15373,4177,0.004309312903998,0.5342962922109609,6.2689321196,7.88,20.0786281249,-16.384718882873,-36.441602496513,56473848287.07,494.447629034586,4.8789787895,6.48,24.757043505769293,0,0,0.0495570983959779,0.5342962922109609,0.1335791328061892,6.2689321196,4.8789787895,24.757043505769293,20.0786281249,-16.384718882873
0.025691699604743,0.0388415931894192,0.0131498935846761,0.1350589863887217,2541,0.029715358148264,0.0230242688238954,601899,紫金矿业,2023,57622,13156,0.0031924597141988,0.4061142944896393,8.1779849895,21.43,59.6616633797,8.535615694407,5.375566921842,293403242878.0,398.185688204455,10.6522414218,25.89,26.40481375534813,0,1,0.025691699604743,0.4061142944896393,0.1350589863887217,8.1779849895,10.6522414218,26.40481375534813,59.6616633797,8.535615694407
0.0475950218634376,0.0644130507904473,0.0168180289270097,0.1407579495623315,938,0.054968287526427,0.0426031533042603,603288,海天味业,2022,23124,5946,0.005213588967373,0.5485773982321113,18.4078690363,25.52,21.0653847604,2.42209145696,-7.091261312304,25609651543.29,473.705862474423,15.5683693035,20.72,23.966235130789997,0,0,0.0475950218634376,0.5485773982321113,0.1407579495623315,18.4078690363,15.5683693035,23.966235130789997,21.0653847604,2.42209145696
0.0478043357420789,0.0642949786918658,0.0164906429497869,0.1403624019250921,856,0.0556792873051225,0.0414587332053742,603288,海天味业,2023,21254,5397,0.0061145080600333,0.5675769479774344,15.5683693035,20.72,24.4395703547,-4.101341187421,-9.214535884591,24559312356.59,531.239831825212,16.0289413175,21.77,23.924356941323207,0,0,0.0478043357420789,0.5675769479774344,0.1403624019250921,15.5683693035,16.0289413175,23.924356941323207,24.4395703547,-4.101341187421
0.0487086150112671,0.0601490726295718,0.0114404576183047,0.1119937899697804,916,0.0526700804681784,0.0474705474705474,603288,海天味业,2024,22368,5769,0.0076269717455364,0.5569121889850681,16.0289413175,21.77,23.190310631,9.549113197344,12.742990044127,26904508894.01,530.533546217286,15.141903111,19.59,24.01555972638576,0,0,0.0487086150112671,0.5569121889850681,0.1119937899697804,16.0289413175,15.141903111,24.01555972638576,23.190310631,9.549113197344
